file_name,file_type,category,relative_path,source_url,source_domain,file_size_bytes,language,description,is_public,access_note
803.-khoa-hoc-moi-truong-chat-luong-cao-final-qd-3531.pdf,pdf,nghien_cuu,pdf/nghien_cuu/803.-khoa-hoc-moi-truong-chat-luong-cao-final-qd-3531.pdf,https://hus.vnu.edu.vn/DATA/IMAGES/2024/01/803.-khoa-hoc-moi-truong-chat-luong-cao-final-qd-3531.pdf,hus.vnu.edu.vn,2514687,vi,803.-khoa-hoc-moi-truong-chat-luong-cao-final-qd-3531.pdf,True,Nguồn public truy cập không cần đăng nhập; chỉ dùng cho học tập/nghiên cứu.
325.-ts-hoa-moi-truong-qd-4918.pdf,pdf,dao_tao,pdf/dao_tao/325.-ts-hoa-moi-truong-qd-4918.pdf,https://hus.vnu.edu.vn/DATA/IMAGES/2024/06/325.-ts-hoa-moi-truong-qd-4918.pdf,hus.vnu.edu.vn,2510649,vi,325.-ts-hoa-moi-truong-qd-4918.pdf,True,Nguồn public truy cập không cần đăng nhập; chỉ dùng cho học tập/nghiên cứu.
802.-khoa-hoc-moi-truong-final-qd-3530.pdf,pdf,nghien_cuu,pdf/nghien_cuu/802.-khoa-hoc-moi-truong-final-qd-3530.pdf,https://hus.vnu.edu.vn/DATA/IMAGES/2024/01/802.-khoa-hoc-moi-truong-final-qd-3530.pdf,hus.vnu.edu.vn,2413511,vi,802.-khoa-hoc-moi-truong-final-qd-3530.pdf,True,Nguồn public truy cập không cần đăng nhập; chỉ dùng cho học tập/nghiên cứu.
511.-ths-dia-ly-qd-4920.pdf,pdf,dao_tao,pdf/dao_tao/511.-ths-dia-ly-qd-4920.pdf,https://hus.vnu.edu.vn/DATA/IMAGES/2024/06/511.-ths-dia-ly-qd-4920.pdf,hus.vnu.edu.vn,2367991,vi,511.-ths-dia-ly-qd-4920.pdf,True,Nguồn public truy cập không cần đăng nhập; chỉ dùng cho học tập/nghiên cứu.
805.-moi-truong-suc-khoe-va-an-toan-final-qd-3533.pdf,pdf,dao_tao,pdf/dao_tao/805.-moi-truong-suc-khoe-va-an-toan-final-qd-3533.pdf,https://hus.vnu.edu.vn/DATA/IMAGES/2024/01/805.-moi-truong-suc-khoe-va-an-toan-final-qd-3533.pdf,hus.vnu.edu.vn,2302570,vi,805.-moi-truong-suc-khoe-va-an-toan-final-qd-3533.pdf,True,Nguồn public truy cập không cần đăng nhập; chỉ dùng cho học tập/nghiên cứu.
427.-ts-hoa-sinh-hoc-qd-4906.pdf,pdf,dao_tao,pdf/dao_tao/427.-ts-hoa-sinh-hoc-qd-4906.pdf,https://hus.vnu.edu.vn/DATA/IMAGES/2024/06/427.-ts-hoa-sinh-hoc-qd-4906.pdf,hus.vnu.edu.vn,2143115,vi,427.-ts-hoa-sinh-hoc-qd-4906.pdf,True,Nguồn public truy cập không cần đăng nhập; chỉ dùng cho học tập/nghiên cứu.
804.-khoa-hoc-va-cong-nghe-thuc-pham-final-qd-3532.pdf,pdf,nghien_cuu,pdf/nghien_cuu/804.-khoa-hoc-va-cong-nghe-thuc-pham-final-qd-3532.pdf,https://hus.vnu.edu.vn/DATA/IMAGES/2024/01/804.-khoa-hoc-va-cong-nghe-thuc-pham-final-qd-3532.pdf,hus.vnu.edu.vn,1997505,vi,804.-khoa-hoc-va-cong-nghe-thuc-pham-final-qd-3532.pdf,True,Nguồn public truy cập không cần đăng nhập; chỉ dùng cho học tập/nghiên cứu.
513.-ths-quan-ly-tai-nguyen-va-moi-truong-qd-4922.pdf,pdf,dao_tao,pdf/dao_tao/513.-ths-quan-ly-tai-nguyen-va-moi-truong-qd-4922.pdf,https://hus.vnu.edu.vn/DATA/IMAGES/2024/06/513.-ths-quan-ly-tai-nguyen-va-moi-truong-qd-4922.pdf,hus.vnu.edu.vn,1981846,vi,513.-ths-quan-ly-tai-nguyen-va-moi-truong-qd-4922.pdf,True,Nguồn public truy cập không cần đăng nhập; chỉ dùng cho học tập/nghiên cứu.
812.-ths-ky-thuat-moi-truong-qd-3578-1.pdf,pdf,dao_tao,pdf/dao_tao/812.-ths-ky-thuat-moi-truong-qd-3578-1.pdf,https://hus.vnu.edu.vn/DATA/IMAGES/2024/06/812.-ths-ky-thuat-moi-truong-qd-3578-1.pdf,hus.vnu.edu.vn,1979342,vi,812.-ths-ky-thuat-moi-truong-qd-3578-1.pdf,True,Nguồn public truy cập không cần đăng nhập; chỉ dùng cho học tập/nghiên cứu.
811.-ths-khoa-hoc-moi-truong-qd-3577.pdf,pdf,nghien_cuu,pdf/nghien_cuu/811.-ths-khoa-hoc-moi-truong-qd-3577.pdf,https://hus.vnu.edu.vn/DATA/IMAGES/2024/06/811.-ths-khoa-hoc-moi-truong-qd-3577.pdf,hus.vnu.edu.vn,1927382,vi,811.-ths-khoa-hoc-moi-truong-qd-3577.pdf,True,Nguồn public truy cập không cần đăng nhập; chỉ dùng cho học tập/nghiên cứu.
114.-ths-khoa-hoc-du-lieu-qd-4932-2.pdf,pdf,nghien_cuu,pdf/nghien_cuu/114.-ths-khoa-hoc-du-lieu-qd-4932-2.pdf,file:///D:/DM/lumi-ai-assistant/data/raw/pdf/2026-05-15/114.-ths-khoa-hoc-du-lieu-qd-4932-2.pdf,local_repo_docs,1843246,vi,114.-ths-khoa-hoc-du-lieu-qd-4932-2.pdf,True,Nguồn public truy cập không cần đăng nhập; chỉ dùng cho học tập/nghiên cứu.
04.-huong-dan-sv-dang-ki-ktx.pdf,pdf,sinh_vien,pdf/sinh_vien/04.-huong-dan-sv-dang-ki-ktx.pdf,https://hus.vnu.edu.vn/DATA/IMAGES/2025/08/04.-huong-dan-sv-dang-ki-ktx.pdf,hus.vnu.edu.vn,1761990,vi,04.-huong-dan-sv-dang-ki-ktx.pdf,True,Nguồn public truy cập không cần đăng nhập; chỉ dùng cho học tập/nghiên cứu.
512.-ths-ban-do-vien-tham-va-he-thong-tin-dia-ly-qd-4921.pdf,pdf,dao_tao,pdf/dao_tao/512.-ths-ban-do-vien-tham-va-he-thong-tin-dia-ly-qd-4921.pdf,https://hus.vnu.edu.vn/DATA/IMAGES/2024/06/512.-ths-ban-do-vien-tham-va-he-thong-tin-dia-ly-qd-4921.pdf,hus.vnu.edu.vn,1720995,vi,512.-ths-ban-do-vien-tham-va-he-thong-tin-dia-ly-qd-4921.pdf,True,Nguồn public truy cập không cần đăng nhập; chỉ dùng cho học tập/nghiên cứu.
515.-ths-quan-ly-dat-dai-dinh-huong-ung-dung-qd-4924.pdf,pdf,dao_tao,pdf/dao_tao/515.-ths-quan-ly-dat-dai-dinh-huong-ung-dung-qd-4924.pdf,https://hus.vnu.edu.vn/DATA/IMAGES/2024/06/515.-ths-quan-ly-dat-dai-dinh-huong-ung-dung-qd-4924.pdf,hus.vnu.edu.vn,1694077,vi,515.-ths-quan-ly-dat-dai-dinh-huong-ung-dung-qd-4924.pdf,True,Nguồn public truy cập không cần đăng nhập; chỉ dùng cho học tập/nghiên cứu.
514.-ths-quan-ly-dat-dai-dinh-huong-nghien-cuu-qd-4923.pdf,pdf,nghien_cuu,pdf/nghien_cuu/514.-ths-quan-ly-dat-dai-dinh-huong-nghien-cuu-qd-4923.pdf,https://hus.vnu.edu.vn/DATA/IMAGES/2024/06/514.-ths-quan-ly-dat-dai-dinh-huong-nghien-cuu-qd-4923.pdf,hus.vnu.edu.vn,1678867,vi,514.-ths-quan-ly-dat-dai-dinh-huong-nghien-cuu-qd-4923.pdf,True,Nguồn public truy cập không cần đăng nhập; chỉ dùng cho học tập/nghiên cứu.
116.-ths-co-so-toan-hoc-cho-tin-hoc-qd-4934-2.pdf,pdf,dao_tao,pdf/dao_tao/116.-ths-co-so-toan-hoc-cho-tin-hoc-qd-4934-2.pdf,file:///D:/DM/lumi-ai-assistant/data/raw/pdf/2026-05-15/116.-ths-co-so-toan-hoc-cho-tin-hoc-qd-4934-2.pdf,local_repo_docs,1595565,vi,116.-ths-co-so-toan-hoc-cho-tin-hoc-qd-4934-2.pdf,True,Nguồn public truy cập không cần đăng nhập; chỉ dùng cho học tập/nghiên cứu.
huong-dan-thi-sinh-dang-ky-xet-tuyen-2025-14.06.2025-final.pdf,pdf,tuyen_sinh,pdf/tuyen_sinh/huong-dan-thi-sinh-dang-ky-xet-tuyen-2025-14.06.2025-final.pdf,https://tuyensinh.hus.vnu.edu.vn/DATA/TUYENSINH/IMAGES/2025/06/huong-dan-thi-sinh-dang-ky-xet-tuyen-2025-14.06.2025-final.pdf,tuyensinh.hus.vnu.edu.vn,692452,vi,huong-dan-thi-sinh-dang-ky-xet-tuyen-2025-14.06.2025-final.pdf,True,Nguồn public truy cập không cần đăng nhập; chỉ dùng cho học tập/nghiên cứu.
thong-bao-gia-han-dang-ky-xet-tuyen-truc-tuyen-vao-dhcq-nam-2025.pdf,pdf,tuyen_sinh,pdf/tuyen_sinh/thong-bao-gia-han-dang-ky-xet-tuyen-truc-tuyen-vao-dhcq-nam-2025.pdf,https://tuyensinh.hus.vnu.edu.vn/DATA/TUYENSINH/IMAGES/2025/06/thong-bao-gia-han-dang-ky-xet-tuyen-truc-tuyen-vao-dhcq-nam-2025.pdf,tuyensinh.hus.vnu.edu.vn,380990,vi,thong-bao-gia-han-dang-ky-xet-tuyen-truc-tuyen-vao-dhcq-nam-2025.pdf,True,Nguồn public truy cập không cần đăng nhập; chỉ dùng cho học tập/nghiên cứu.
9.1.26-chi-tiet-du-thao_dang-cong-tuyen-sinh-1-edit.pdf,pdf,tuyen_sinh,pdf/tuyen_sinh/9.1.26-chi-tiet-du-thao_dang-cong-tuyen-sinh-1-edit.pdf,https://tuyensinh.hus.vnu.edu.vn/DATA/TUYENSINH/IMAGES/2026/03/9.1.26-chi-tiet-du-thao_dang-cong-tuyen-sinh-1-edit.pdf,tuyensinh.hus.vnu.edu.vn,334200,vi,9.1.26-chi-tiet-du-thao_dang-cong-tuyen-sinh-1-edit.pdf,True,Nguồn public truy cập không cần đăng nhập; chỉ dùng cho học tập/nghiên cứu.
02.hd-nop-hoc-phi-qua-ma-dinh-danh.pdf,pdf,sinh_vien,pdf/sinh_vien/02.hd-nop-hoc-phi-qua-ma-dinh-danh.pdf,https://hus.vnu.edu.vn/DATA/IMAGES/2025/08/02.hd-nop-hoc-phi-qua-ma-dinh-danh.pdf,hus.vnu.edu.vn,310166,vi,02.hd-nop-hoc-phi-qua-ma-dinh-danh.pdf,True,Nguồn public truy cập không cần đăng nhập; chỉ dùng cho học tập/nghiên cứu.
1.tb_xt-vao-ctdt-dac-biet_2025_len-website.pdf,pdf,tuyen_sinh,pdf/tuyen_sinh/1.tb_xt-vao-ctdt-dac-biet_2025_len-website.pdf,https://tuyensinh.hus.vnu.edu.vn/DATA/TUYENSINH/IMAGES/2025/08/1.tb_xt-vao-ctdt-dac-biet_2025_len-website.pdf,tuyensinh.hus.vnu.edu.vn,274134,vi,1.tb_xt-vao-ctdt-dac-biet_2025_len-website.pdf,True,Nguồn public truy cập không cần đăng nhập; chỉ dùng cho học tập/nghiên cứu.
03.mau-ly-lich-2025_k70.pdf,pdf,sinh_vien,pdf/sinh_vien/03.mau-ly-lich-2025_k70.pdf,https://hus.vnu.edu.vn/DATA/IMAGES/2025/08/03.mau-ly-lich-2025_k70.pdf,hus.vnu.edu.vn,214338,vi,03.mau-ly-lich-2025_k70.pdf,True,Nguồn public truy cập không cần đăng nhập; chỉ dùng cho học tập/nghiên cứu.
danh-sach-trung-tuyen_ctdb_2025-final.pdf,pdf,tuyen_sinh,pdf/tuyen_sinh/danh-sach-trung-tuyen_ctdb_2025-final.pdf,https://hus.vnu.edu.vn/DATA/IMAGES/2025/09/danh-sach-trung-tuyen_ctdb_2025-final.pdf,hus.vnu.edu.vn,196225,vi,danh-sach-trung-tuyen_ctdb_2025-final.pdf,True,Nguồn public truy cập không cần đăng nhập; chỉ dùng cho học tập/nghiên cứu.
45.ptn-bm-dia-mao-va-dia-ly---moi-truong-bien.pdf,pdf,nghien_cuu,pdf/nghien_cuu/45.ptn-bm-dia-mao-va-dia-ly---moi-truong-bien.pdf,https://hus.vnu.edu.vn/DATA/IMAGES/2020/06/45.ptn-bm-dia-mao-va-dia-ly---moi-truong-bien.pdf,hus.vnu.edu.vn,129778,vi,45.ptn-bm-dia-mao-va-dia-ly---moi-truong-bien.pdf,True,Nguồn public truy cập không cần đăng nhập; chỉ dùng cho học tập/nghiên cứu.
46.ptn-bm-sinh-thai-canh-quan-va-moi-truong.pdf,pdf,nghien_cuu,pdf/nghien_cuu/46.ptn-bm-sinh-thai-canh-quan-va-moi-truong.pdf,https://hus.vnu.edu.vn/DATA/IMAGES/2020/06/46.ptn-bm-sinh-thai-canh-quan-va-moi-truong.pdf,hus.vnu.edu.vn,129465,vi,46.ptn-bm-sinh-thai-canh-quan-va-moi-truong.pdf,True,Nguồn public truy cập không cần đăng nhập; chỉ dùng cho học tập/nghiên cứu.
58.ptn-bm-sinh-thai-moi-truong.pdf,pdf,nghien_cuu,pdf/nghien_cuu/58.ptn-bm-sinh-thai-moi-truong.pdf,https://hus.vnu.edu.vn/DATA/IMAGES/2020/06/58.ptn-bm-sinh-thai-moi-truong.pdf,hus.vnu.edu.vn,129045,vi,58.ptn-bm-sinh-thai-moi-truong.pdf,True,Nguồn public truy cập không cần đăng nhập; chỉ dùng cho học tập/nghiên cứu.
223.-ts-vo-tuyen-va-dien-tu-qd-4945.pdf,pdf,tuyen_sinh,pdf/tuyen_sinh/223.-ts-vo-tuyen-va-dien-tu-qd-4945.pdf,https://hus.vnu.edu.vn/DATA/IMAGES/2024/06/223.-ts-vo-tuyen-va-dien-tu-qd-4945.pdf,hus.vnu.edu.vn,2593626,vi,📄 Xem nội dung PDF,True,Nguồn public truy cập không cần đăng nhập; chỉ dùng cho học tập/nghiên cứu.
17.ptn-bm-vat-ly-vo-tuyen-va-dien-tu.pdf,pdf,tuyen_sinh,pdf/tuyen_sinh/17.ptn-bm-vat-ly-vo-tuyen-va-dien-tu.pdf,https://hus.vnu.edu.vn/DATA/IMAGES/2020/06/17.ptn-bm-vat-ly-vo-tuyen-va-dien-tu.pdf,hus.vnu.edu.vn,183801,vi,PTN BM Vật lý Vô tuyến và Điện tử,True,Nguồn public truy cập không cần đăng nhập; chỉ dùng cho học tập/nghiên cứu.
813.-ths-mtptbv-nc-qd-3579.pdf,pdf,dao_tao,pdf/dao_tao/813.-ths-mtptbv-nc-qd-3579.pdf,https://hus.vnu.edu.vn/DATA/IMAGES/2024/06/813.-ths-mtptbv-nc-qd-3579.pdf,hus.vnu.edu.vn,2014419,vi,📄 Xem nội dung PDF,True,Nguồn public truy cập không cần đăng nhập; chỉ dùng cho học tập/nghiên cứu.
814.-ths-mtptbv-ud-qd-3580.pdf,pdf,dao_tao,pdf/dao_tao/814.-ths-mtptbv-ud-qd-3580.pdf,https://hus.vnu.edu.vn/DATA/IMAGES/2024/06/814.-ths-mtptbv-ud-qd-3580.pdf,hus.vnu.edu.vn,2069062,vi,📄 Xem nội dung PDF,True,Nguồn public truy cập không cần đăng nhập; chỉ dùng cho học tập/nghiên cứu.
821.-ts-ky-thuat-moi-truong-qd-3583.pdf,pdf,dao_tao,pdf/dao_tao/821.-ts-ky-thuat-moi-truong-qd-3583.pdf,https://hus.vnu.edu.vn/DATA/IMAGES/2024/06/821.-ts-ky-thuat-moi-truong-qd-3583.pdf,hus.vnu.edu.vn,2935125,vi,📄 Xem nội dung PDF,True,Nguồn public truy cập không cần đăng nhập; chỉ dùng cho học tập/nghiên cứu.
822.-ts-mtdn-qd-3582.pdf,pdf,dao_tao,pdf/dao_tao/822.-ts-mtdn-qd-3582.pdf,https://hus.vnu.edu.vn/DATA/IMAGES/2024/06/822.-ts-mtdn-qd-3582.pdf,hus.vnu.edu.vn,3220512,vi,📄 Xem nội dung PDF,True,Nguồn public truy cập không cần đăng nhập; chỉ dùng cho học tập/nghiên cứu.
823.-ts-khoa-hoc-moi-truong-qd-3581.pdf,pdf,nghien_cuu,pdf/nghien_cuu/823.-ts-khoa-hoc-moi-truong-qd-3581.pdf,https://hus.vnu.edu.vn/DATA/IMAGES/2024/06/823.-ts-khoa-hoc-moi-truong-qd-3581.pdf,hus.vnu.edu.vn,3279826,vi,📄 Xem nội dung PDF,True,Nguồn public truy cập không cần đăng nhập; chỉ dùng cho học tập/nghiên cứu.
112.-ths-phuong-phap-toan-so-cap-qd-4930.pdf,pdf,dao_tao,pdf/dao_tao/112.-ths-phuong-phap-toan-so-cap-qd-4930.pdf,https://hus.vnu.edu.vn/DATA/IMAGES/2024/06/112.-ths-phuong-phap-toan-so-cap-qd-4930.pdf,hus.vnu.edu.vn,1400720,vi,📄 Xem nội dung PDF,True,Nguồn public truy cập không cần đăng nhập; chỉ dùng cho học tập/nghiên cứu.
113.-ths-toan-ung-dung-qd-4931.pdf,pdf,dao_tao,pdf/dao_tao/113.-ths-toan-ung-dung-qd-4931.pdf,https://hus.vnu.edu.vn/DATA/IMAGES/2024/06/113.-ths-toan-ung-dung-qd-4931.pdf,hus.vnu.edu.vn,1560831,vi,📄 Xem nội dung PDF,True,Nguồn public truy cập không cần đăng nhập; chỉ dùng cho học tập/nghiên cứu.
115.-ths-co-hoc-qd-4933.pdf,pdf,dao_tao,pdf/dao_tao/115.-ths-co-hoc-qd-4933.pdf,https://hus.vnu.edu.vn/DATA/IMAGES/2024/06/115.-ths-co-hoc-qd-4933.pdf,hus.vnu.edu.vn,1549164,vi,📄 Xem nội dung PDF,True,Nguồn public truy cập không cần đăng nhập; chỉ dùng cho học tập/nghiên cứu.
121.-ts-toan-giai-tich-qd-4935.pdf,pdf,dao_tao,pdf/dao_tao/121.-ts-toan-giai-tich-qd-4935.pdf,https://hus.vnu.edu.vn/DATA/IMAGES/2024/06/121.-ts-toan-giai-tich-qd-4935.pdf,hus.vnu.edu.vn,2234549,vi,📄 Xem nội dung PDF,True,Nguồn public truy cập không cần đăng nhập; chỉ dùng cho học tập/nghiên cứu.
122.-ts-phuong-trinh-vi-phan-va-tich-phan-qd-4936.pdf,pdf,dao_tao,pdf/dao_tao/122.-ts-phuong-trinh-vi-phan-va-tich-phan-qd-4936.pdf,https://hus.vnu.edu.vn/DATA/IMAGES/2024/06/122.-ts-phuong-trinh-vi-phan-va-tich-phan-qd-4936.pdf,hus.vnu.edu.vn,2265213,vi,📄 Xem nội dung PDF,True,Nguồn public truy cập không cần đăng nhập; chỉ dùng cho học tập/nghiên cứu.
123.-ts-dai-so-va-ly-thuyet-so-qd-4937.pdf,pdf,dao_tao,pdf/dao_tao/123.-ts-dai-so-va-ly-thuyet-so-qd-4937.pdf,https://hus.vnu.edu.vn/DATA/IMAGES/2024/06/123.-ts-dai-so-va-ly-thuyet-so-qd-4937.pdf,hus.vnu.edu.vn,2541250,vi,📄 Xem nội dung PDF,True,Nguồn public truy cập không cần đăng nhập; chỉ dùng cho học tập/nghiên cứu.
124.-ts-toan-ung-dung-qd-4938.pdf,pdf,dao_tao,pdf/dao_tao/124.-ts-toan-ung-dung-qd-4938.pdf,https://hus.vnu.edu.vn/DATA/IMAGES/2024/06/124.-ts-toan-ung-dung-qd-4938.pdf,hus.vnu.edu.vn,2269878,vi,📄 Xem nội dung PDF,True,Nguồn public truy cập không cần đăng nhập; chỉ dùng cho học tập/nghiên cứu.
125.-ts-ly-thuyet-xac-suat-va-thong-ke-toan-hoc-qd-4939.pdf,pdf,dao_tao,pdf/dao_tao/125.-ts-ly-thuyet-xac-suat-va-thong-ke-toan-hoc-qd-4939.pdf,https://hus.vnu.edu.vn/DATA/IMAGES/2024/06/125.-ts-ly-thuyet-xac-suat-va-thong-ke-toan-hoc-qd-4939.pdf,hus.vnu.edu.vn,2389639,vi,📄 Xem nội dung PDF,True,Nguồn public truy cập không cần đăng nhập; chỉ dùng cho học tập/nghiên cứu.
126.-ts-co-so-toan-hoc-cho-tin-hoc-qd-4940.pdf,pdf,dao_tao,pdf/dao_tao/126.-ts-co-so-toan-hoc-cho-tin-hoc-qd-4940.pdf,https://hus.vnu.edu.vn/DATA/IMAGES/2024/06/126.-ts-co-so-toan-hoc-cho-tin-hoc-qd-4940.pdf,hus.vnu.edu.vn,2385528,vi,📄 Xem nội dung PDF,True,Nguồn public truy cập không cần đăng nhập; chỉ dùng cho học tập/nghiên cứu.
127.-ts-co-hoc-qd-4941.pdf,pdf,dao_tao,pdf/dao_tao/127.-ts-co-hoc-qd-4941.pdf,https://hus.vnu.edu.vn/DATA/IMAGES/2024/06/127.-ts-co-hoc-qd-4941.pdf,hus.vnu.edu.vn,2556138,vi,📄 Xem nội dung PDF,True,Nguồn public truy cập không cần đăng nhập; chỉ dùng cho học tập/nghiên cứu.
311.-ths-hoa-hoc-qd-3570.pdf,pdf,dao_tao,pdf/dao_tao/311.-ths-hoa-hoc-qd-3570.pdf,https://hus.vnu.edu.vn/DATA/IMAGES/2024/06/311.-ths-hoa-hoc-qd-3570.pdf,hus.vnu.edu.vn,2641433,vi,📄 Xem nội dung PDF,True,Nguồn public truy cập không cần đăng nhập; chỉ dùng cho học tập/nghiên cứu.
312.-ths-ky-thuat-hoa-hoc-qd-3571.pdf,pdf,dao_tao,pdf/dao_tao/312.-ths-ky-thuat-hoa-hoc-qd-3571.pdf,https://hus.vnu.edu.vn/DATA/IMAGES/2024/06/312.-ths-ky-thuat-hoa-hoc-qd-3571.pdf,hus.vnu.edu.vn,1919736,vi,📄 Xem nội dung PDF,True,Nguồn public truy cập không cần đăng nhập; chỉ dùng cho học tập/nghiên cứu.
313.-ths-hoa-phan-tich-qd-3572.pdf,pdf,dao_tao,pdf/dao_tao/313.-ths-hoa-phan-tich-qd-3572.pdf,https://hus.vnu.edu.vn/DATA/IMAGES/2024/06/313.-ths-hoa-phan-tich-qd-3572.pdf,hus.vnu.edu.vn,1769464,vi,📄 Xem nội dung PDF,True,Nguồn public truy cập không cần đăng nhập; chỉ dùng cho học tập/nghiên cứu.
321.-ts-hoa-vo-co-qd-4914.pdf,pdf,dao_tao,pdf/dao_tao/321.-ts-hoa-vo-co-qd-4914.pdf,https://hus.vnu.edu.vn/DATA/IMAGES/2024/06/321.-ts-hoa-vo-co-qd-4914.pdf,hus.vnu.edu.vn,2298193,vi,📄 Xem nội dung PDF,True,Nguồn public truy cập không cần đăng nhập; chỉ dùng cho học tập/nghiên cứu.
322.-ts-hoa-huu-co-qd-4915.pdf,pdf,dao_tao,pdf/dao_tao/322.-ts-hoa-huu-co-qd-4915.pdf,https://hus.vnu.edu.vn/DATA/IMAGES/2024/06/322.-ts-hoa-huu-co-qd-4915.pdf,hus.vnu.edu.vn,2439060,vi,📄 Xem nội dung PDF,True,Nguồn public truy cập không cần đăng nhập; chỉ dùng cho học tập/nghiên cứu.
323.-ts-hoa-phan-tich-qd-4916.pdf,pdf,dao_tao,pdf/dao_tao/323.-ts-hoa-phan-tich-qd-4916.pdf,https://hus.vnu.edu.vn/DATA/IMAGES/2024/06/323.-ts-hoa-phan-tich-qd-4916.pdf,hus.vnu.edu.vn,2352024,vi,📄 Xem nội dung PDF,True,Nguồn public truy cập không cần đăng nhập; chỉ dùng cho học tập/nghiên cứu.
324.-ts-hoa-ly-thuyet-va-hoa-ly-qd-4917.pdf,pdf,dao_tao,pdf/dao_tao/324.-ts-hoa-ly-thuyet-va-hoa-ly-qd-4917.pdf,https://hus.vnu.edu.vn/DATA/IMAGES/2024/06/324.-ts-hoa-ly-thuyet-va-hoa-ly-qd-4917.pdf,hus.vnu.edu.vn,2489252,vi,📄 Xem nội dung PDF,True,Nguồn public truy cập không cần đăng nhập; chỉ dùng cho học tập/nghiên cứu.
326.-ts-ky-thuat-hoa-dau-va-loc-dau-qd-4919.pdf,pdf,dao_tao,pdf/dao_tao/326.-ts-ky-thuat-hoa-dau-va-loc-dau-qd-4919.pdf,https://hus.vnu.edu.vn/DATA/IMAGES/2024/06/326.-ts-ky-thuat-hoa-dau-va-loc-dau-qd-4919.pdf,hus.vnu.edu.vn,2461905,vi,📄 Xem nội dung PDF,True,Nguồn public truy cập không cần đăng nhập; chỉ dùng cho học tập/nghiên cứu.
411.-ths-sinh-hoc-qd-4950.pdf,pdf,dao_tao,pdf/dao_tao/411.-ths-sinh-hoc-qd-4950.pdf,https://hus.vnu.edu.vn/DATA/IMAGES/2024/06/411.-ths-sinh-hoc-qd-4950.pdf,hus.vnu.edu.vn,1812905,vi,📄 Xem nội dung PDF,True,Nguồn public truy cập không cần đăng nhập; chỉ dùng cho học tập/nghiên cứu.
412.-ths-cong-nghe-sinh-hoc-qd-4951.pdf,pdf,dao_tao,pdf/dao_tao/412.-ths-cong-nghe-sinh-hoc-qd-4951.pdf,https://hus.vnu.edu.vn/DATA/IMAGES/2024/06/412.-ths-cong-nghe-sinh-hoc-qd-4951.pdf,hus.vnu.edu.vn,1604062,vi,📄 Xem nội dung PDF,True,Nguồn public truy cập không cần đăng nhập; chỉ dùng cho học tập/nghiên cứu.
413.-ths-sinh-hoc-thuc-nghiem-qd-4952.pdf,pdf,dao_tao,pdf/dao_tao/413.-ths-sinh-hoc-thuc-nghiem-qd-4952.pdf,https://hus.vnu.edu.vn/DATA/IMAGES/2024/06/413.-ths-sinh-hoc-thuc-nghiem-qd-4952.pdf,hus.vnu.edu.vn,1662984,vi,📄 Xem nội dung PDF,True,Nguồn public truy cập không cần đăng nhập; chỉ dùng cho học tập/nghiên cứu.
414.-ths-di-truyen-hoc-qd-4953.pdf,pdf,dao_tao,pdf/dao_tao/414.-ths-di-truyen-hoc-qd-4953.pdf,https://hus.vnu.edu.vn/DATA/IMAGES/2024/06/414.-ths-di-truyen-hoc-qd-4953.pdf,hus.vnu.edu.vn,1558253,vi,📄 Xem nội dung PDF,True,Nguồn public truy cập không cần đăng nhập; chỉ dùng cho học tập/nghiên cứu.
421.-ts-dong-vat-hoc-qd-4900.pdf,pdf,dao_tao,pdf/dao_tao/421.-ts-dong-vat-hoc-qd-4900.pdf,https://hus.vnu.edu.vn/DATA/IMAGES/2024/06/421.-ts-dong-vat-hoc-qd-4900.pdf,hus.vnu.edu.vn,2305762,vi,📄 Xem nội dung PDF,True,Nguồn public truy cập không cần đăng nhập; chỉ dùng cho học tập/nghiên cứu.
422.-ts-sinh-ly-hoc-nguoi-va-dong-vat-qd-4901.pdf,pdf,dao_tao,pdf/dao_tao/422.-ts-sinh-ly-hoc-nguoi-va-dong-vat-qd-4901.pdf,https://hus.vnu.edu.vn/DATA/IMAGES/2024/06/422.-ts-sinh-ly-hoc-nguoi-va-dong-vat-qd-4901.pdf,hus.vnu.edu.vn,2235061,vi,📄 Xem nội dung PDF,True,Nguồn public truy cập không cần đăng nhập; chỉ dùng cho học tập/nghiên cứu.
423.-ts-con-trung-hoc-qd-4902.pdf,pdf,dao_tao,pdf/dao_tao/423.-ts-con-trung-hoc-qd-4902.pdf,https://hus.vnu.edu.vn/DATA/IMAGES/2024/06/423.-ts-con-trung-hoc-qd-4902.pdf,hus.vnu.edu.vn,2167859,vi,📄 Xem nội dung PDF,True,Nguồn public truy cập không cần đăng nhập; chỉ dùng cho học tập/nghiên cứu.
424.-ts-sinh-ly-hoc-thuc-vat-qd-4903.pdf,pdf,dao_tao,pdf/dao_tao/424.-ts-sinh-ly-hoc-thuc-vat-qd-4903.pdf,https://hus.vnu.edu.vn/DATA/IMAGES/2024/06/424.-ts-sinh-ly-hoc-thuc-vat-qd-4903.pdf,hus.vnu.edu.vn,2271322,vi,📄 Xem nội dung PDF,True,Nguồn public truy cập không cần đăng nhập; chỉ dùng cho học tập/nghiên cứu.
425.-ts-vi-sinh-vat-hoc-qd-4904.pdf,pdf,dao_tao,pdf/dao_tao/425.-ts-vi-sinh-vat-hoc-qd-4904.pdf,https://hus.vnu.edu.vn/DATA/IMAGES/2024/06/425.-ts-vi-sinh-vat-hoc-qd-4904.pdf,hus.vnu.edu.vn,2212926,vi,📄 Xem nội dung PDF,True,Nguồn public truy cập không cần đăng nhập; chỉ dùng cho học tập/nghiên cứu.
426.-ts-thuc-vat-hoc-qd-4905.pdf,pdf,dao_tao,pdf/dao_tao/426.-ts-thuc-vat-hoc-qd-4905.pdf,https://hus.vnu.edu.vn/DATA/IMAGES/2024/06/426.-ts-thuc-vat-hoc-qd-4905.pdf,hus.vnu.edu.vn,2217881,vi,📄 Xem nội dung PDF,True,Nguồn public truy cập không cần đăng nhập; chỉ dùng cho học tập/nghiên cứu.
428.-ts-di-truyen-hoc-qd-4907.pdf,pdf,dao_tao,pdf/dao_tao/428.-ts-di-truyen-hoc-qd-4907.pdf,https://hus.vnu.edu.vn/DATA/IMAGES/2024/06/428.-ts-di-truyen-hoc-qd-4907.pdf,hus.vnu.edu.vn,2208757,vi,📄 Xem nội dung PDF,True,Nguồn public truy cập không cần đăng nhập; chỉ dùng cho học tập/nghiên cứu.
1.ptn-khoa-hoc-du-lieu.pdf,pdf,nghien_cuu,pdf/nghien_cuu/1.ptn-khoa-hoc-du-lieu.pdf,https://hus.vnu.edu.vn/DATA/IMAGES/2020/06/1.ptn-khoa-hoc-du-lieu.pdf,hus.vnu.edu.vn,188683,vi,PTN Khoa học dữ liệu,True,Nguồn public truy cập không cần đăng nhập; chỉ dùng cho học tập/nghiên cứu.
10.ptn-khoa-hoc-du-lieu-chuyen-de.pdf,pdf,nghien_cuu,pdf/nghien_cuu/10.ptn-khoa-hoc-du-lieu-chuyen-de.pdf,https://hus.vnu.edu.vn/DATA/IMAGES/2020/06/10.ptn-khoa-hoc-du-lieu-chuyen-de.pdf,hus.vnu.edu.vn,188644,vi,PTN Khoa học dữ liệu,True,Nguồn public truy cập không cần đăng nhập; chỉ dùng cho học tập/nghiên cứu.
20.ptn-tinh-toan-trong-khoa-hoc-vat-lieu.pdf,pdf,nghien_cuu,pdf/nghien_cuu/20.ptn-tinh-toan-trong-khoa-hoc-vat-lieu.pdf,https://hus.vnu.edu.vn/DATA/IMAGES/2020/06/20.ptn-tinh-toan-trong-khoa-hoc-vat-lieu.pdf,hus.vnu.edu.vn,255122,vi,PTN Tính toán trong Khoa học Vật liệu,True,Nguồn public truy cập không cần đăng nhập; chỉ dùng cho học tập/nghiên cứu.
25.ptn-hoa-moi-truong.pdf,pdf,nghien_cuu,pdf/nghien_cuu/25.ptn-hoa-moi-truong.pdf,https://hus.vnu.edu.vn/DATA/IMAGES/2020/06/25.ptn-hoa-moi-truong.pdf,hus.vnu.edu.vn,137701,vi,PTN Hóa môi trường,True,Nguồn public truy cập không cần đăng nhập; chỉ dùng cho học tập/nghiên cứu.
34.ptn-bm-hoa-sinh-va-sinh-hoc-phan-tu.pdf,pdf,nghien_cuu,pdf/nghien_cuu/34.ptn-bm-hoa-sinh-va-sinh-hoc-phan-tu.pdf,https://hus.vnu.edu.vn/DATA/IMAGES/2020/06/34.ptn-bm-hoa-sinh-va-sinh-hoc-phan-tu.pdf,hus.vnu.edu.vn,177004,vi,PTN BM Hóa sinh và Sinh học phân tử,True,Nguồn public truy cập không cần đăng nhập; chỉ dùng cho học tập/nghiên cứu.
35.ptn-bm-vi-sinh-vat-hoc.pdf,pdf,nghien_cuu,pdf/nghien_cuu/35.ptn-bm-vi-sinh-vat-hoc.pdf,https://hus.vnu.edu.vn/DATA/IMAGES/2020/06/35.ptn-bm-vi-sinh-vat-hoc.pdf,hus.vnu.edu.vn,137144,vi,PTN BM Vi sinh vật học,True,Nguồn public truy cập không cần đăng nhập; chỉ dùng cho học tập/nghiên cứu.
37.ptn-bm-sinh-hoc-te-bao.pdf,pdf,nghien_cuu,pdf/nghien_cuu/37.ptn-bm-sinh-hoc-te-bao.pdf,https://hus.vnu.edu.vn/DATA/IMAGES/2020/06/37.ptn-bm-sinh-hoc-te-bao.pdf,hus.vnu.edu.vn,135880,vi,PTN BM Sinh học tế bào,True,Nguồn public truy cập không cần đăng nhập; chỉ dùng cho học tập/nghiên cứu.
38.ptn-bm-sinh-ly-hoc-va-sinh-hoc-nguoi.pdf,pdf,nghien_cuu,pdf/nghien_cuu/38.ptn-bm-sinh-ly-hoc-va-sinh-hoc-nguoi.pdf,https://hus.vnu.edu.vn/DATA/IMAGES/2020/06/38.ptn-bm-sinh-ly-hoc-va-sinh-hoc-nguoi.pdf,hus.vnu.edu.vn,202088,vi,PTN BM Sinh lý học và sinh học người,True,Nguồn public truy cập không cần đăng nhập; chỉ dùng cho học tập/nghiên cứu.
42.ptn-bm-sinh-thai-hoc.pdf,pdf,nghien_cuu,pdf/nghien_cuu/42.ptn-bm-sinh-thai-hoc.pdf,https://hus.vnu.edu.vn/DATA/IMAGES/2020/06/42.ptn-bm-sinh-thai-hoc.pdf,hus.vnu.edu.vn,132928,vi,PTN BM Sinh thái học,True,Nguồn public truy cập không cần đăng nhập; chỉ dùng cho học tập/nghiên cứu.
50.ptn-bm-dia-chat-moi-truong.pdf,pdf,nghien_cuu,pdf/nghien_cuu/50.ptn-bm-dia-chat-moi-truong.pdf,https://hus.vnu.edu.vn/DATA/IMAGES/2020/06/50.ptn-bm-dia-chat-moi-truong.pdf,hus.vnu.edu.vn,170645,vi,PTN BM Địa chất môi trường,True,Nguồn public truy cập không cần đăng nhập; chỉ dùng cho học tập/nghiên cứu.
59.ptn-khoa-hoc-dat-va-moi-truong.pdf,pdf,nghien_cuu,pdf/nghien_cuu/59.ptn-khoa-hoc-dat-va-moi-truong.pdf,https://hus.vnu.edu.vn/DATA/IMAGES/2020/06/59.ptn-khoa-hoc-dat-va-moi-truong.pdf,hus.vnu.edu.vn,130146,vi,PTN Khoa học Đất và Môi trường,True,Nguồn public truy cập không cần đăng nhập; chỉ dùng cho học tập/nghiên cứu.
60.ptn-bm-cong-nghe-moi-truong.pdf,pdf,nghien_cuu,pdf/nghien_cuu/60.ptn-bm-cong-nghe-moi-truong.pdf,https://hus.vnu.edu.vn/DATA/IMAGES/2020/06/60.ptn-bm-cong-nghe-moi-truong.pdf,hus.vnu.edu.vn,129556,vi,PTN BM Công nghệ môi trường,True,Nguồn public truy cập không cần đăng nhập; chỉ dùng cho học tập/nghiên cứu.
4.phong-thuc-hanh-hoa-sinh-va-sinh-hoc-phan-tu.pdf,pdf,thong_tin_chung,pdf/thong_tin_chung/4.phong-thuc-hanh-hoa-sinh-va-sinh-hoc-phan-tu.pdf,https://hus.vnu.edu.vn/DATA/IMAGES/2020/06/4.phong-thuc-hanh-hoa-sinh-va-sinh-hoc-phan-tu.pdf,hus.vnu.edu.vn,135763,vi,Phòng thực hành Hóa sinh và Sinh học phân tử,True,Nguồn public truy cập không cần đăng nhập; chỉ dùng cho học tập/nghiên cứu.
5.phong-thuc-hanh-sinh-hoc-te-bao.pdf,pdf,thong_tin_chung,pdf/thong_tin_chung/5.phong-thuc-hanh-sinh-hoc-te-bao.pdf,https://hus.vnu.edu.vn/DATA/IMAGES/2020/06/5.phong-thuc-hanh-sinh-hoc-te-bao.pdf,hus.vnu.edu.vn,132578,vi,Phòng thực hành Sinh học Tế bào,True,Nguồn public truy cập không cần đăng nhập; chỉ dùng cho học tập/nghiên cứu.
66.tt-cong-nghe-moi-truong-va-phat-trien-ben-vung.pdf,pdf,thong_tin_chung,pdf/thong_tin_chung/66.tt-cong-nghe-moi-truong-va-phat-trien-ben-vung.pdf,https://hus.vnu.edu.vn/DATA/IMAGES/2020/06/66.tt-cong-nghe-moi-truong-va-phat-trien-ben-vung.pdf,hus.vnu.edu.vn,220010,vi,TT Công nghệ Môi trường và Phát triển bền vững,True,Nguồn public truy cập không cần đăng nhập; chỉ dùng cho học tập/nghiên cứu.
7.phong-thuc-hanh-da-dang-sinh-hoc.pdf,pdf,thong_tin_chung,pdf/thong_tin_chung/7.phong-thuc-hanh-da-dang-sinh-hoc.pdf,https://hus.vnu.edu.vn/DATA/IMAGES/2020/06/7.phong-thuc-hanh-da-dang-sinh-hoc.pdf,hus.vnu.edu.vn,174141,vi,Phòng thực hành Đa dạng sinh học,True,Nguồn public truy cập không cần đăng nhập; chỉ dùng cho học tập/nghiên cứu.
8.bao-tang-sinh-hoc.pdf,pdf,thong_tin_chung,pdf/thong_tin_chung/8.bao-tang-sinh-hoc.pdf,https://hus.vnu.edu.vn/DATA/IMAGES/2020/06/8.bao-tang-sinh-hoc.pdf,hus.vnu.edu.vn,133262,vi,Bảo tàng sinh học,True,Nguồn public truy cập không cần đăng nhập; chỉ dùng cho học tập/nghiên cứu.
801.-qd-3529-cong-nghe-ki-thuat-moi-truong-final.pdf,pdf,dao_tao,pdf/dao_tao/801.-qd-3529-cong-nghe-ki-thuat-moi-truong-final.pdf,https://hus.vnu.edu.vn/DATA/IMAGES/2024/01/801.-qd-3529-cong-nghe-ki-thuat-moi-truong-final.pdf,hus.vnu.edu.vn,2330274,vi,📄 Xem nội dung PDF,True,Nguồn public truy cập không cần đăng nhập; chỉ dùng cho học tập/nghiên cứu.
211.-ths-vat-ly-qd-4942.pdf,pdf,dao_tao,pdf/dao_tao/211.-ths-vat-ly-qd-4942.pdf,https://hus.vnu.edu.vn/DATA/IMAGES/2024/06/211.-ths-vat-ly-qd-4942.pdf,hus.vnu.edu.vn,1685133,vi,📄 Xem nội dung PDF,True,Nguồn public truy cập không cần đăng nhập; chỉ dùng cho học tập/nghiên cứu.
221.-ts-vat-ly-ly-thuyet-va-vlt-qd-4943.pdf,pdf,dao_tao,pdf/dao_tao/221.-ts-vat-ly-ly-thuyet-va-vlt-qd-4943.pdf,https://hus.vnu.edu.vn/DATA/IMAGES/2024/06/221.-ts-vat-ly-ly-thuyet-va-vlt-qd-4943.pdf,hus.vnu.edu.vn,2466190,vi,📄 Xem nội dung PDF,True,Nguồn public truy cập không cần đăng nhập; chỉ dùng cho học tập/nghiên cứu.
hus.vnu.edu.vn__dao-tao__gioi-thieu-chung.html,html,dao_tao,html/public_pages/hus.vnu.edu.vn__dao-tao__gioi-thieu-chung.html,https://hus.vnu.edu.vn/dao-tao/gioi-thieu-chung,hus.vnu.edu.vn,69105,vi,Giới thiệu chung,True,Nguồn public truy cập không cần đăng nhập; chỉ dùng cho học tập/nghiên cứu.
hus.vnu.edu.vn__gioi-thieu__can-bo__hoi-dong-khoa-hoc-dao-tao.html,html,nghien_cuu,html/public_pages/hus.vnu.edu.vn__gioi-thieu__can-bo__hoi-dong-khoa-hoc-dao-tao.html,https://hus.vnu.edu.vn/gioi-thieu/can-bo/hoi-dong-khoa-hoc-dao-tao,hus.vnu.edu.vn,75411,vi,Hội đồng Khoa học Đào tạo,True,Nguồn public truy cập không cần đăng nhập; chỉ dùng cho học tập/nghiên cứu.
hus.vnu.edu.vn__hoc-sinh-sinh-vien__gioi-thieu-chung.html,html,sinh_vien,html/public_pages/hus.vnu.edu.vn__hoc-sinh-sinh-vien__gioi-thieu-chung.html,https://hus.vnu.edu.vn/hoc-sinh-sinh-vien/gioi-thieu-chung,hus.vnu.edu.vn,68548,vi,Học sinh - Sinh viên,True,Nguồn public truy cập không cần đăng nhập; chỉ dùng cho học tập/nghiên cứu.
hus.vnu.edu.vn__hoc-sinh-sinh-vien__quy-che-quy-dinh.html,html,quy_che,html/public_pages/hus.vnu.edu.vn__hoc-sinh-sinh-vien__quy-che-quy-dinh.html,https://hus.vnu.edu.vn/hoc-sinh-sinh-vien/quy-che-quy-dinh,hus.vnu.edu.vn,61653,vi,"Quy chế, quy định",True,Nguồn public truy cập không cần đăng nhập; chỉ dùng cho học tập/nghiên cứu.
hus.vnu.edu.vn__dao-tao__bac-dai-hoc__dia-chat.html,html,dao_tao,html/public_pages/hus.vnu.edu.vn__dao-tao__bac-dai-hoc__dia-chat.html,https://hus.vnu.edu.vn/dao-tao/bac-dai-hoc/dia-chat,hus.vnu.edu.vn,49308,vi,"Quản lý, Công nghệ Tài nguyên môi trường và Địa chất",True,Nguồn public truy cập không cần đăng nhập; chỉ dùng cho học tập/nghiên cứu.
hus.vnu.edu.vn__dao-tao__bac-dai-hoc__dia-ly.html,html,dao_tao,html/public_pages/hus.vnu.edu.vn__dao-tao__bac-dai-hoc__dia-ly.html,https://hus.vnu.edu.vn/dao-tao/bac-dai-hoc/dia-ly,hus.vnu.edu.vn,49609,vi,"Địa lý, Quản lý đất đai và GISc",True,Nguồn public truy cập không cần đăng nhập; chỉ dùng cho học tập/nghiên cứu.
hus.vnu.edu.vn__dao-tao__bac-dai-hoc__hoa-hoc.html,html,dao_tao,html/public_pages/hus.vnu.edu.vn__dao-tao__bac-dai-hoc__hoa-hoc.html,https://hus.vnu.edu.vn/dao-tao/bac-dai-hoc/hoa-hoc,hus.vnu.edu.vn,50585,vi,Hóa học và Công nghệ,True,Nguồn public truy cập không cần đăng nhập; chỉ dùng cho học tập/nghiên cứu.
hus.vnu.edu.vn__dao-tao__bac-dai-hoc__khi-tuong-thuy-van-hai-duong-hoc.html,html,dao_tao,html/public_pages/hus.vnu.edu.vn__dao-tao__bac-dai-hoc__khi-tuong-thuy-van-hai-duong-hoc.html,https://hus.vnu.edu.vn/dao-tao/bac-dai-hoc/khi-tuong-thuy-van-hai-duong-hoc,hus.vnu.edu.vn,49882,vi,"Khí tượng, Khoa học và Công nghệ biển, Tài nguyên và Môi trường nước",True,Nguồn public truy cập không cần đăng nhập; chỉ dùng cho học tập/nghiên cứu.
hus.vnu.edu.vn__dao-tao__bac-dai-hoc__moi-truong.html,html,dao_tao,html/public_pages/hus.vnu.edu.vn__dao-tao__bac-dai-hoc__moi-truong.html,https://hus.vnu.edu.vn/dao-tao/bac-dai-hoc/moi-truong,hus.vnu.edu.vn,49659,vi,"Khoa học, Công nghệ Môi trường và Thực phẩm",True,Nguồn public truy cập không cần đăng nhập; chỉ dùng cho học tập/nghiên cứu.
hus.vnu.edu.vn__dao-tao__bac-dai-hoc__sinh-hoc.html,html,dao_tao,html/public_pages/hus.vnu.edu.vn__dao-tao__bac-dai-hoc__sinh-hoc.html,https://hus.vnu.edu.vn/dao-tao/bac-dai-hoc/sinh-hoc,hus.vnu.edu.vn,49788,vi,Sinh học và Công nghệ,True,Nguồn public truy cập không cần đăng nhập; chỉ dùng cho học tập/nghiên cứu.
hus.vnu.edu.vn__dao-tao__bac-dai-hoc__toan-co-tin-hoc.html,html,dao_tao,html/public_pages/hus.vnu.edu.vn__dao-tao__bac-dai-hoc__toan-co-tin-hoc.html,https://hus.vnu.edu.vn/dao-tao/bac-dai-hoc/toan-co-tin-hoc,hus.vnu.edu.vn,51285,vi,"Toán, Toán ứng dụng và Tin học",True,Nguồn public truy cập không cần đăng nhập; chỉ dùng cho học tập/nghiên cứu.
hus.vnu.edu.vn__dao-tao__bac-dai-hoc__vat-ly.html,html,dao_tao,html/public_pages/hus.vnu.edu.vn__dao-tao__bac-dai-hoc__vat-ly.html,https://hus.vnu.edu.vn/dao-tao/bac-dai-hoc/vat-ly,hus.vnu.edu.vn,213003,vi,Bậc đại học,True,Nguồn public truy cập không cần đăng nhập; chỉ dùng cho học tập/nghiên cứu.
hus.vnu.edu.vn__dao-tao__dai-hoc.html,html,dao_tao,html/public_pages/hus.vnu.edu.vn__dao-tao__dai-hoc.html,https://hus.vnu.edu.vn/dao-tao/dai-hoc,hus.vnu.edu.vn,52621,vi,Đào tạo,True,Nguồn public truy cập không cần đăng nhập; chỉ dùng cho học tập/nghiên cứu.
hus.vnu.edu.vn__dao-tao__olympicvnu-2025.html,html,dao_tao,html/public_pages/hus.vnu.edu.vn__dao-tao__olympicvnu-2025.html,https://hus.vnu.edu.vn/dao-tao/olympicvnu-2025,hus.vnu.edu.vn,34740,vi,olympicvnu-2025,True,Nguồn public truy cập không cần đăng nhập; chỉ dùng cho học tập/nghiên cứu.
hus.vnu.edu.vn__dao-tao__sau-dai-hoc.html,html,dao_tao,html/public_pages/hus.vnu.edu.vn__dao-tao__sau-dai-hoc.html,https://hus.vnu.edu.vn/dao-tao/sau-dai-hoc,hus.vnu.edu.vn,43537,vi,Sau đại học,True,Nguồn public truy cập không cần đăng nhập; chỉ dùng cho học tập/nghiên cứu.
hus.vnu.edu.vn__dao-tao__sau-dai-hoc__hoa-hoc-va-cong-nghe.html,html,dao_tao,html/public_pages/hus.vnu.edu.vn__dao-tao__sau-dai-hoc__hoa-hoc-va-cong-nghe.html,https://hus.vnu.edu.vn/dao-tao/sau-dai-hoc/hoa-hoc-va-cong-nghe,hus.vnu.edu.vn,39718,vi,Hóa học & Công nghệ,True,Nguồn public truy cập không cần đăng nhập; chỉ dùng cho học tập/nghiên cứu.
hus.vnu.edu.vn__dao-tao__sau-dai-hoc__khoa-hoc-trai-dat-va-tai-nguyen-moi-truong.html,html,nghien_cuu,html/public_pages/hus.vnu.edu.vn__dao-tao__sau-dai-hoc__khoa-hoc-trai-dat-va-tai-nguyen-moi-truong.html,https://hus.vnu.edu.vn/dao-tao/sau-dai-hoc/khoa-hoc-trai-dat-va-tai-nguyen-moi-truong,hus.vnu.edu.vn,41521,vi,Khoa học Trái đất - Tài nguyên & Môi trường,True,Nguồn public truy cập không cần đăng nhập; chỉ dùng cho học tập/nghiên cứu.
hus.vnu.edu.vn__dao-tao__sau-dai-hoc__sinh-hoc-va-cong-nghe.html,html,dao_tao,html/public_pages/hus.vnu.edu.vn__dao-tao__sau-dai-hoc__sinh-hoc-va-cong-nghe.html,https://hus.vnu.edu.vn/dao-tao/sau-dai-hoc/sinh-hoc-va-cong-nghe,hus.vnu.edu.vn,40858,vi,Sinh học & Công nghệ,True,Nguồn public truy cập không cần đăng nhập; chỉ dùng cho học tập/nghiên cứu.
hus.vnu.edu.vn__dao-tao__sau-dai-hoc__vat-ly-va-cong-nghe.html,html,dao_tao,html/public_pages/hus.vnu.edu.vn__dao-tao__sau-dai-hoc__vat-ly-va-cong-nghe.html,https://hus.vnu.edu.vn/dao-tao/sau-dai-hoc/vat-ly-va-cong-nghe,hus.vnu.edu.vn,39429,vi,Vật lý & Công nghệ,True,Nguồn public truy cập không cần đăng nhập; chỉ dùng cho học tập/nghiên cứu.
hus.vnu.edu.vn__gioi-thieu__cac-khuon-vien.html,html,thong_tin_chung,html/public_pages/hus.vnu.edu.vn__gioi-thieu__cac-khuon-vien.html,https://hus.vnu.edu.vn/gioi-thieu/cac-khuon-vien,hus.vnu.edu.vn,92186,vi,Giới thiệu,True,Nguồn public truy cập không cần đăng nhập; chỉ dùng cho học tập/nghiên cứu.
hus.vnu.edu.vn__gioi-thieu__chien-luoc-phat-trien.html,html,thong_tin_chung,html/public_pages/hus.vnu.edu.vn__gioi-thieu__chien-luoc-phat-trien.html,https://hus.vnu.edu.vn/gioi-thieu/chien-luoc-phat-trien,hus.vnu.edu.vn,225460,vi,Chiến lược phát triển,True,Nguồn public truy cập không cần đăng nhập; chỉ dùng cho học tập/nghiên cứu.
hus.vnu.edu.vn__gioi-thieu__co-cau-to-chuc__ban-giam-hieu.html,html,thong_tin_chung,html/public_pages/hus.vnu.edu.vn__gioi-thieu__co-cau-to-chuc__ban-giam-hieu.html,https://hus.vnu.edu.vn/gioi-thieu/co-cau-to-chuc/ban-giam-hieu,hus.vnu.edu.vn,89879,vi,Ban Giám Hiệu Trường,True,Nguồn public truy cập không cần đăng nhập; chỉ dùng cho học tập/nghiên cứu.
hus.vnu.edu.vn__gioi-thieu__co-cau-to-chuc__dang-doan-the.html,html,thong_tin_chung,html/public_pages/hus.vnu.edu.vn__gioi-thieu__co-cau-to-chuc__dang-doan-the.html,https://hus.vnu.edu.vn/gioi-thieu/co-cau-to-chuc/dang-doan-the,hus.vnu.edu.vn,91247,vi,Đảng - Đoàn thể,True,Nguồn public truy cập không cần đăng nhập; chỉ dùng cho học tập/nghiên cứu.
hus.vnu.edu.vn__gioi-thieu__co-cau-to-chuc__du-an-va-cong-ty.html,html,thong_tin_chung,html/public_pages/hus.vnu.edu.vn__gioi-thieu__co-cau-to-chuc__du-an-va-cong-ty.html,https://hus.vnu.edu.vn/gioi-thieu/co-cau-to-chuc/du-an-va-cong-ty,hus.vnu.edu.vn,101328,vi,Sơ đồ tổ chức,True,Nguồn public truy cập không cần đăng nhập; chỉ dùng cho học tập/nghiên cứu.
hus.vnu.edu.vn__gioi-thieu__co-cau-to-chuc__khoa-truc-thuoc.html,html,thong_tin_chung,html/public_pages/hus.vnu.edu.vn__gioi-thieu__co-cau-to-chuc__khoa-truc-thuoc.html,https://hus.vnu.edu.vn/gioi-thieu/co-cau-to-chuc/khoa-truc-thuoc,hus.vnu.edu.vn,142436,vi,Khoa Trực thuộc,True,Nguồn public truy cập không cần đăng nhập; chỉ dùng cho học tập/nghiên cứu.
hus.vnu.edu.vn__gioi-thieu__co-cau-to-chuc__phong-ban-chuc-nang.html,html,thong_tin_chung,html/public_pages/hus.vnu.edu.vn__gioi-thieu__co-cau-to-chuc__phong-ban-chuc-nang.html,https://hus.vnu.edu.vn/gioi-thieu/co-cau-to-chuc/phong-ban-chuc-nang,hus.vnu.edu.vn,93423,vi,Phòng ban chức năng,True,Nguồn public truy cập không cần đăng nhập; chỉ dùng cho học tập/nghiên cứu.
hus.vnu.edu.vn__gioi-thieu__co-cau-to-chuc__phong-thi-nghiem-trong-diem.html,html,nghien_cuu,html/public_pages/hus.vnu.edu.vn__gioi-thieu__co-cau-to-chuc__phong-thi-nghiem-trong-diem.html,https://hus.vnu.edu.vn/gioi-thieu/co-cau-to-chuc/phong-thi-nghiem-trong-diem,hus.vnu.edu.vn,67305,vi,Phòng thí nghiệm Trọng điểm,True,Nguồn public truy cập không cần đăng nhập; chỉ dùng cho học tập/nghiên cứu.
hus.vnu.edu.vn__gioi-thieu__co-cau-to-chuc__so-do-to-chuc.html,html,thong_tin_chung,html/public_pages/hus.vnu.edu.vn__gioi-thieu__co-cau-to-chuc__so-do-to-chuc.html,https://hus.vnu.edu.vn/gioi-thieu/co-cau-to-chuc/so-do-to-chuc,hus.vnu.edu.vn,101514,vi,Sơ đồ tổ chức,True,Nguồn public truy cập không cần đăng nhập; chỉ dùng cho học tập/nghiên cứu.
hus.vnu.edu.vn__gioi-thieu__lich-su-phat-trien.html,html,thong_tin_chung,html/public_pages/hus.vnu.edu.vn__gioi-thieu__lich-su-phat-trien.html,https://hus.vnu.edu.vn/gioi-thieu/lich-su-phat-trien,hus.vnu.edu.vn,221186,vi,Lịch sử phát triển,True,Nguồn public truy cập không cần đăng nhập; chỉ dùng cho học tập/nghiên cứu.
hus.vnu.edu.vn__gioi-thieu__loi-chao-mung.html,html,thong_tin_chung,html/public_pages/hus.vnu.edu.vn__gioi-thieu__loi-chao-mung.html,https://hus.vnu.edu.vn/gioi-thieu/loi-chao-mung,hus.vnu.edu.vn,104108,vi,Lời chào mừng,True,Nguồn public truy cập không cần đăng nhập; chỉ dùng cho học tập/nghiên cứu.
doc_1c656e876adff872c6d1.txt,txt,thong_tin_chung,text/parsed_public_pages/doc_1c656e876adff872c6d1.txt,https://hus.vnu.edu.vn/gioi-thieu/lich-su-phat-trien,hus.vnu.edu.vn,52569,vi,Lịch sử phát triển,True,Nguồn public truy cập không cần đăng nhập; chỉ dùng cho học tập/nghiên cứu.
doc_58dfc017a9ba74e47238.txt,txt,dao_tao,text/parsed_public_pages/doc_58dfc017a9ba74e47238.txt,https://hus.vnu.edu.vn/dao-tao/bac-dai-hoc/vat-ly,hus.vnu.edu.vn,48138,vi,Bậc đại học,True,Nguồn public truy cập không cần đăng nhập; chỉ dùng cho học tập/nghiên cứu.
doc_55c22d2ace9a76d05488.txt,txt,thong_tin_chung,text/parsed_public_pages/doc_55c22d2ace9a76d05488.txt,https://hus.vnu.edu.vn/gioi-thieu/chien-luoc-phat-trien,hus.vnu.edu.vn,43191,vi,Chiến lược phát triển,True,Nguồn public truy cập không cần đăng nhập; chỉ dùng cho học tập/nghiên cứu.
doc_91eb43497dc0f5e9741f.txt,txt,tuyen_sinh,text/parsed_public_pages/doc_91eb43497dc0f5e9741f.txt,http://tuyensinh.hus.vnu.edu.vn/,tuyensinh.hus.vnu.edu.vn,26002,vi,Trường Đại học Khoa học Tự nhiên | ĐHQGHN,True,Nguồn public truy cập không cần đăng nhập; chỉ dùng cho học tập/nghiên cứu.
doc_44255159780aab8e1475.txt,txt,tuyen_sinh,text/parsed_public_pages/doc_44255159780aab8e1475.txt,https://tuyensinh.hus.vnu.edu.vn/DATA/TUYENSINH/IMAGES/2026/03/9.1.26-chi-tiet-du-thao_dang-cong-tuyen-sinh-1-edit.pdf,tuyensinh.hus.vnu.edu.vn,17591,vi,9.1.26-chi-tiet-du-thao_dang-cong-tuyen-sinh-1-edit.pdf,True,Nguồn public truy cập không cần đăng nhập; chỉ dùng cho học tập/nghiên cứu.
doc_7b8c8076410322e8cc36.txt,txt,tuyen_sinh,text/parsed_public_pages/doc_7b8c8076410322e8cc36.txt,https://tuyensinh.hus.vnu.edu.vn/DATA/TUYENSINH/IMAGES/2025/08/1.tb_xt-vao-ctdt-dac-biet_2025_len-website.pdf,tuyensinh.hus.vnu.edu.vn,15585,vi,Thong bao xet tuyen CTDB,True,Nguồn public truy cập không cần đăng nhập; chỉ dùng cho học tập/nghiên cứu.
doc_8db3084419cc9f68a731.txt,txt,sinh_vien,text/parsed_public_pages/doc_8db3084419cc9f68a731.txt,https://hus.vnu.edu.vn/DATA/IMAGES/2025/08/03.mau-ly-lich-2025_k70.pdf,hus.vnu.edu.vn,11104,vi,céng hoµ,True,Nguồn public truy cập không cần đăng nhập; chỉ dùng cho học tập/nghiên cứu.
doc_1f902284aaa372b66942.txt,txt,tuyen_sinh,text/parsed_public_pages/doc_1f902284aaa372b66942.txt,https://hus.vnu.edu.vn/DATA/IMAGES/2025/09/danh-sach-trung-tuyen_ctdb_2025-final.pdf,hus.vnu.edu.vn,11072,vi,danh-sach-trung-tuyen_ctdb_2025-final.pdf,True,Nguồn public truy cập không cần đăng nhập; chỉ dùng cho học tập/nghiên cứu.
doc_c678b3b190fc655993fc.txt,txt,sinh_vien,text/parsed_public_pages/doc_c678b3b190fc655993fc.txt,https://hus.vnu.edu.vn/hoc-sinh-sinh-vien,hus.vnu.edu.vn,5573,vi,Học sinh - Sinh viên,True,Nguồn public truy cập không cần đăng nhập; chỉ dùng cho học tập/nghiên cứu.
doc_bb228fb7488deb48d6d2.txt,txt,sinh_vien,text/parsed_public_pages/doc_bb228fb7488deb48d6d2.txt,https://hus.vnu.edu.vn/hoc-sinh-sinh-vien/gioi-thieu-chung,hus.vnu.edu.vn,5564,vi,Học sinh - Sinh viên,True,Nguồn public truy cập không cần đăng nhập; chỉ dùng cho học tập/nghiên cứu.
doc_cecb3ddc9396f577feaa.txt,txt,tuyen_sinh,text/parsed_public_pages/doc_cecb3ddc9396f577feaa.txt,https://tuyensinh.hus.vnu.edu.vn/DATA/TUYENSINH/IMAGES/2025/06/huong-dan-thi-sinh-dang-ky-xet-tuyen-2025-14.06.2025-final.pdf,tuyensinh.hus.vnu.edu.vn,5177,vi,huong-dan-thi-sinh-dang-ky-xet-tuyen-2025-14.06.2025-final.pdf,True,Nguồn public truy cập không cần đăng nhập; chỉ dùng cho học tập/nghiên cứu.
doc_27e30d3d9376b10d2e06.txt,txt,dao_tao,text/parsed_public_pages/doc_27e30d3d9376b10d2e06.txt,https://hus.vnu.edu.vn/dao-tao/gioi-thieu-chung,hus.vnu.edu.vn,4529,vi,Giới thiệu chung,True,Nguồn public truy cập không cần đăng nhập; chỉ dùng cho học tập/nghiên cứu.
doc_7653afc915a108d40634.txt,txt,thong_tin_chung,text/parsed_public_pages/doc_7653afc915a108d40634.txt,https://hus.vnu.edu.vn/gioi-thieu/loi-chao-mung,hus.vnu.edu.vn,3467,vi,Lời chào mừng,True,Nguồn public truy cập không cần đăng nhập; chỉ dùng cho học tập/nghiên cứu.
doc_79c87893ab97ac2229d2.txt,txt,dao_tao,text/parsed_public_pages/doc_79c87893ab97ac2229d2.txt,https://hus.vnu.edu.vn/hop-tac-va-phat-trien/chuong-trinh-hop-tac/dao-tao-lien-ket,hus.vnu.edu.vn,2836,vi,Đào tạo liên kết,True,Nguồn public truy cập không cần đăng nhập; chỉ dùng cho học tập/nghiên cứu.
doc_592a1e17021dd580e158.txt,txt,nghien_cuu,text/parsed_public_pages/doc_592a1e17021dd580e158.txt,https://hus.vnu.edu.vn/DATA/IMAGES/2020/06/58.ptn-bm-sinh-thai-moi-truong.pdf,hus.vnu.edu.vn,2485,vi,PHIẾU CUNG CẤP THÔNG TIN,True,Nguồn public truy cập không cần đăng nhập; chỉ dùng cho học tập/nghiên cứu.
doc_3661b5a22a8294fec8bf.txt,txt,quy_che,text/parsed_public_pages/doc_3661b5a22a8294fec8bf.txt,https://hus.vnu.edu.vn/hoc-sinh-sinh-vien/quy-che-quy-dinh,hus.vnu.edu.vn,2288,vi,"Quy chế, quy định",True,Nguồn public truy cập không cần đăng nhập; chỉ dùng cho học tập/nghiên cứu.
doc_30ae6e60094d7daffed1.txt,txt,nghien_cuu,text/parsed_public_pages/doc_30ae6e60094d7daffed1.txt,https://hus.vnu.edu.vn/DATA/IMAGES/2020/06/46.ptn-bm-sinh-thai-canh-quan-va-moi-truong.pdf,hus.vnu.edu.vn,1854,vi,46.ptn-bm-sinh-thai-canh-quan-va-moi-truong.pdf,True,Nguồn public truy cập không cần đăng nhập; chỉ dùng cho học tập/nghiên cứu.
doc_027fa3f614398a4fa239.txt,txt,nghien_cuu,text/parsed_public_pages/doc_027fa3f614398a4fa239.txt,https://hus.vnu.edu.vn/DATA/IMAGES/2020/06/45.ptn-bm-dia-mao-va-dia-ly---moi-truong-bien.pdf,hus.vnu.edu.vn,1817,vi,45.ptn-bm-dia-mao-va-dia-ly---moi-truong-bien.pdf,True,Nguồn public truy cập không cần đăng nhập; chỉ dùng cho học tập/nghiên cứu.
doc_978c9a3b9a26bc0ff5b0.txt,txt,nghien_cuu,text/parsed_public_pages/doc_978c9a3b9a26bc0ff5b0.txt,https://hus.vnu.edu.vn/khoa-hoc-cong-nghe/gioi-thieu-chung,hus.vnu.edu.vn,1741,vi,Khoa học - Công nghệ,True,Nguồn public truy cập không cần đăng nhập; chỉ dùng cho học tập/nghiên cứu.
doc_cd7bb8dd3f3fef3653ce.txt,txt,sinh_vien,text/parsed_public_pages/doc_cd7bb8dd3f3fef3653ce.txt,https://hus.vnu.edu.vn/DATA/IMAGES/2025/08/02.hd-nop-hoc-phi-qua-ma-dinh-danh.pdf,hus.vnu.edu.vn,1700,vi,02.hd-nop-hoc-phi-qua-ma-dinh-danh.pdf,True,Nguồn public truy cập không cần đăng nhập; chỉ dùng cho học tập/nghiên cứu.
doc_43723f892a1e4bafbf78.txt,txt,tuyen_sinh,text/parsed_public_pages/doc_43723f892a1e4bafbf78.txt,https://tuyensinh.hus.vnu.edu.vn/DATA/TUYENSINH/IMAGES/2025/06/thong-bao-gia-han-dang-ky-xet-tuyen-truc-tuyen-vao-dhcq-nam-2025.pdf,tuyensinh.hus.vnu.edu.vn,1604,vi,thong-bao-gia-han-dang-ky-xet-tuyen-truc-tuyen-vao-dhcq-nam-2025.pdf,True,Nguồn public truy cập không cần đăng nhập; chỉ dùng cho học tập/nghiên cứu.
doc_0694e882d8c90da1f786.txt,txt,thong_tin_chung,text/parsed_public_pages/doc_0694e882d8c90da1f786.txt,https://hus.vnu.edu.vn/gioi-thieu/su-menh-tam-nhin,hus.vnu.edu.vn,1532,vi,Sứ mạng - Tầm nhìn,True,Nguồn public truy cập không cần đăng nhập; chỉ dùng cho học tập/nghiên cứu.
doc_0b509214e7de656c05fe.txt,txt,nghien_cuu,text/parsed_public_pages/doc_0b509214e7de656c05fe.txt,https://hus.vnu.edu.vn/gioi-thieu/co-cau-to-chuc/phong-thi-nghiem-trong-diem,hus.vnu.edu.vn,1463,vi,Phòng thí nghiệm Trọng điểm,True,Nguồn public truy cập không cần đăng nhập; chỉ dùng cho học tập/nghiên cứu.
doc_e7c5d0c77cb56de6c755.txt,txt,nghien_cuu,text/parsed_public_pages/doc_e7c5d0c77cb56de6c755.txt,https://hus.vnu.edu.vn/gioi-thieu/can-bo/hoi-dong-khoa-hoc-dao-tao,hus.vnu.edu.vn,1279,vi,Hội đồng Khoa học Đào tạo,True,Nguồn public truy cập không cần đăng nhập; chỉ dùng cho học tập/nghiên cứu.
doc_475f3c55a3d67b8ffe9e.txt,txt,nghien_cuu,text/parsed_public_pages/doc_475f3c55a3d67b8ffe9e.txt,https://hus.vnu.edu.vn/dao-tao/sau-dai-hoc/khoa-hoc-trai-dat-va-tai-nguyen-moi-truong,hus.vnu.edu.vn,1249,vi,Khoa học Trái đất - Tài nguyên & Môi trường,True,Nguồn public truy cập không cần đăng nhập; chỉ dùng cho học tập/nghiên cứu.
