document_id,title,file_name,file_type,extension,category,data_role,is_content_document,is_manifest_file,is_system_file,is_archive_file,is_processable,relative_path,local_path,source_url,source_domain,language,file_size_bytes,checksum_sha256,is_public,access_note,ingested_at,ingestion_status,issues,page_count,text_sample_length
doc_69dd6cd015a9652f,README_DATA_RAW,README_DATA_RAW.md,md,.md,khac,system,False,False,True,False,False,README_DATA_RAW.md,D:\DM\lumi\data\raw\README_DATA_RAW.md,,,vi,2984,b0415e003f13112335de0c6dcbdc9575449c0d62f6a82a18a5b95ec029737752,True,public/local educational dataset,2026-05-18T09:51:54.392048+00:00,warning,['md_not_processed_by_default'],0,0
doc_afe9eda168b2fc72,data_raw_manifest,data_raw_manifest.csv,csv,.csv,khac,manifest,False,True,False,False,True,csv/data_raw_manifest.csv,D:\DM\lumi\data\raw\csv\data_raw_manifest.csv,,,vi,50029,fe7b2f18b93a389e88e26d107b347095b860563be991f0f71440abd85ab4eaa0,True,public/local educational dataset,2026-05-18T09:51:54.393048+00:00,ok,[],0,2819
doc_9aea022b13d1dc38,data_raw,data_raw.zip,archive,.zip,khac,archive,False,False,False,True,False,data_raw.zip,D:\DM\lumi\data\raw\data_raw.zip,,,vi,109063361,6c8aa9d0ffa0e5316d772859b4a308ff24555557f891587326089ba43f36ac10,True,public/local educational dataset,2026-05-18T09:51:54.393048+00:00,warning,"['archive_not_processed_by_default', 'large_file']",0,0
doc_560578e1394f562e,data_raw_manifest,data_raw_manifest.xlsx,xlsx,.xlsx,khac,manifest,False,True,False,False,True,excel/data_raw_manifest.xlsx,D:\DM\lumi\data\raw\excel\data_raw_manifest.xlsx,,,vi,17647,b9c9e71f18f477df648a09d71077f30b3e37210b4ee3e0def0f34d24cc342759,True,public/local educational dataset,2026-05-18T09:51:54.399792+00:00,ok,[],0,2804
doc_09b9d4fe8934abac,"Quản lý, Công nghệ Tài nguyên môi trường và Địa chất",hus.vnu.edu.vn__dao-tao__bac-dai-hoc__dia-chat.html,html,.html,dao_tao,content,True,False,False,False,True,html/public_pages/hus.vnu.edu.vn__dao-tao__bac-dai-hoc__dia-chat.html,D:\DM\lumi\data\raw\html\public_pages\hus.vnu.edu.vn__dao-tao__bac-dai-hoc__dia-chat.html,https://hus.vnu.edu.vn/dao-tao/bac-dai-hoc/dia-chat,hus.vnu.edu.vn,vi,49308,eb68c4e1427862f27aae1b3e8ce251fc016b6a8cf4efaf93890e8e73741e9b36,True,Nguồn public truy cập không cần đăng nhập; chỉ dùng cho học tập/nghiên cứu.,2026-05-18T09:51:54.536229+00:00,ok,[],0,739
doc_b4ba45cd112e263b,"Địa lý, Quản lý đất đai và GISc",hus.vnu.edu.vn__dao-tao__bac-dai-hoc__dia-ly.html,html,.html,dao_tao,content,True,False,False,False,True,html/public_pages/hus.vnu.edu.vn__dao-tao__bac-dai-hoc__dia-ly.html,D:\DM\lumi\data\raw\html\public_pages\hus.vnu.edu.vn__dao-tao__bac-dai-hoc__dia-ly.html,https://hus.vnu.edu.vn/dao-tao/bac-dai-hoc/dia-ly,hus.vnu.edu.vn,vi,49609,6cba89be8bc40a3b41bb4a5e3ff1a426d4402f354f85e2437c3d6b581c91befe,True,Nguồn public truy cập không cần đăng nhập; chỉ dùng cho học tập/nghiên cứu.,2026-05-18T09:51:54.549558+00:00,ok,[],0,766
doc_55c09ed845eaec83,Hóa học và Công nghệ,hus.vnu.edu.vn__dao-tao__bac-dai-hoc__hoa-hoc.html,html,.html,dao_tao,content,True,False,False,False,True,html/public_pages/hus.vnu.edu.vn__dao-tao__bac-dai-hoc__hoa-hoc.html,D:\DM\lumi\data\raw\html\public_pages\hus.vnu.edu.vn__dao-tao__bac-dai-hoc__hoa-hoc.html,https://hus.vnu.edu.vn/dao-tao/bac-dai-hoc/hoa-hoc,hus.vnu.edu.vn,vi,50585,8e91bcabe362dc8bebd61297e2a90d82ae335ab436d4bda6e6f3799d3a39722e,True,Nguồn public truy cập không cần đăng nhập; chỉ dùng cho học tập/nghiên cứu.,2026-05-18T09:51:54.563534+00:00,ok,[],0,939
doc_05db486ad28a6820,"Khí tượng, Khoa học và Công nghệ biển, Tài nguyên và Môi trường nước",hus.vnu.edu.vn__dao-tao__bac-dai-hoc__khi-tuong-thuy-van-hai-duong-hoc.html,html,.html,dao_tao,content,True,False,False,False,True,html/public_pages/hus.vnu.edu.vn__dao-tao__bac-dai-hoc__khi-tuong-thuy-van-hai-duong-hoc.html,D:\DM\lumi\data\raw\html\public_pages\hus.vnu.edu.vn__dao-tao__bac-dai-hoc__khi-tuong-thuy-van-hai-duong-hoc.html,https://hus.vnu.edu.vn/dao-tao/bac-dai-hoc/khi-tuong-thuy-van-hai-duong-hoc,hus.vnu.edu.vn,vi,49882,546c6ec7200865d4528a1d6695af4c6a538abd490ebc8707b11275d3dedced92,True,Nguồn public truy cập không cần đăng nhập; chỉ dùng cho học tập/nghiên cứu.,2026-05-18T09:51:54.577974+00:00,ok,[],0,825
doc_36d083c85426ae15,"Khoa học, Công nghệ Môi trường và Thực phẩm",hus.vnu.edu.vn__dao-tao__bac-dai-hoc__moi-truong.html,html,.html,dao_tao,content,True,False,False,False,True,html/public_pages/hus.vnu.edu.vn__dao-tao__bac-dai-hoc__moi-truong.html,D:\DM\lumi\data\raw\html\public_pages\hus.vnu.edu.vn__dao-tao__bac-dai-hoc__moi-truong.html,https://hus.vnu.edu.vn/dao-tao/bac-dai-hoc/moi-truong,hus.vnu.edu.vn,vi,49659,c0709e205ec57d584f8e43a416a0ba04ec50eea5cd18c98da3152e5ba249b375,True,Nguồn public truy cập không cần đăng nhập; chỉ dùng cho học tập/nghiên cứu.,2026-05-18T09:51:54.591926+00:00,ok,[],0,786
doc_8b258c1379f95b5f,Sinh học và Công nghệ,hus.vnu.edu.vn__dao-tao__bac-dai-hoc__sinh-hoc.html,html,.html,dao_tao,content,True,False,False,False,True,html/public_pages/hus.vnu.edu.vn__dao-tao__bac-dai-hoc__sinh-hoc.html,D:\DM\lumi\data\raw\html\public_pages\hus.vnu.edu.vn__dao-tao__bac-dai-hoc__sinh-hoc.html,https://hus.vnu.edu.vn/dao-tao/bac-dai-hoc/sinh-hoc,hus.vnu.edu.vn,vi,49788,1706f44a04e1aea324aba15dace411c8225be2722f15f0abb0ddd7d008a2569b,True,Nguồn public truy cập không cần đăng nhập; chỉ dùng cho học tập/nghiên cứu.,2026-05-18T09:51:54.604977+00:00,ok,[],0,774
doc_3e861eb404e60a2b,"Toán, Toán ứng dụng và Tin học",hus.vnu.edu.vn__dao-tao__bac-dai-hoc__toan-co-tin-hoc.html,html,.html,dao_tao,content,True,False,False,False,True,html/public_pages/hus.vnu.edu.vn__dao-tao__bac-dai-hoc__toan-co-tin-hoc.html,D:\DM\lumi\data\raw\html\public_pages\hus.vnu.edu.vn__dao-tao__bac-dai-hoc__toan-co-tin-hoc.html,https://hus.vnu.edu.vn/dao-tao/bac-dai-hoc/toan-co-tin-hoc,hus.vnu.edu.vn,vi,51285,2292b476401c13e076e2498aa68ec9d45ac0457ee12913755e88e377b4331661,True,Nguồn public truy cập không cần đăng nhập; chỉ dùng cho học tập/nghiên cứu.,2026-05-18T09:51:54.620346+00:00,ok,[],0,1162
doc_662a4dbdb437d689,Bậc đại học,hus.vnu.edu.vn__dao-tao__bac-dai-hoc__vat-ly.html,html,.html,dao_tao,content,True,False,False,False,True,html/public_pages/hus.vnu.edu.vn__dao-tao__bac-dai-hoc__vat-ly.html,D:\DM\lumi\data\raw\html\public_pages\hus.vnu.edu.vn__dao-tao__bac-dai-hoc__vat-ly.html,https://hus.vnu.edu.vn/dao-tao/bac-dai-hoc/vat-ly,hus.vnu.edu.vn,vi,213003,45962f74b45cb103bfc0eae3eba6a0bebca22ac512dbacbd3152ba222a67120f,True,Nguồn public truy cập không cần đăng nhập; chỉ dùng cho học tập/nghiên cứu.,2026-05-18T09:51:54.650507+00:00,ok,[],0,38513
doc_a859d16bba3f04c0,Đào tạo,hus.vnu.edu.vn__dao-tao__dai-hoc.html,html,.html,dao_tao,content,True,False,False,False,True,html/public_pages/hus.vnu.edu.vn__dao-tao__dai-hoc.html,D:\DM\lumi\data\raw\html\public_pages\hus.vnu.edu.vn__dao-tao__dai-hoc.html,https://hus.vnu.edu.vn/dao-tao/dai-hoc,hus.vnu.edu.vn,vi,52621,d4b735f5f739be8b0628152a5cce5f1d1d3d755fbc5e52e67cb8d87817564733,True,Nguồn public truy cập không cần đăng nhập; chỉ dùng cho học tập/nghiên cứu.,2026-05-18T09:51:54.672796+00:00,ok,[],0,944
doc_e7e4d2a4052996b5,Giới thiệu chung,hus.vnu.edu.vn__dao-tao__gioi-thieu-chung.html,html,.html,dao_tao,content,True,False,False,False,True,html/public_pages/hus.vnu.edu.vn__dao-tao__gioi-thieu-chung.html,D:\DM\lumi\data\raw\html\public_pages\hus.vnu.edu.vn__dao-tao__gioi-thieu-chung.html,https://hus.vnu.edu.vn/dao-tao/gioi-thieu-chung,hus.vnu.edu.vn,vi,69105,38b9ee6a8f3ffe929401ff338fefef3a38133fb98a1960c64319ee0ee3b5f3e1,True,Nguồn public truy cập không cần đăng nhập; chỉ dùng cho học tập/nghiên cứu.,2026-05-18T09:51:54.688821+00:00,ok,[],0,4144
doc_b1bb0447d72d8813,olympicvnu-2025,hus.vnu.edu.vn__dao-tao__olympicvnu-2025.html,html,.html,dao_tao,content,True,False,False,False,True,html/public_pages/hus.vnu.edu.vn__dao-tao__olympicvnu-2025.html,D:\DM\lumi\data\raw\html\public_pages\hus.vnu.edu.vn__dao-tao__olympicvnu-2025.html,https://hus.vnu.edu.vn/dao-tao/olympicvnu-2025,hus.vnu.edu.vn,vi,34740,203091e97bf10b08c86a1da9d05d6d95fcc61c83987c01f089e6ed11d37b56c3,True,Nguồn public truy cập không cần đăng nhập; chỉ dùng cho học tập/nghiên cứu.,2026-05-18T09:51:54.701478+00:00,warning,['html_short_body'],0,27
doc_dbdc930c86ed090a,Sau đại học,hus.vnu.edu.vn__dao-tao__sau-dai-hoc.html,html,.html,dao_tao,content,True,False,False,False,True,html/public_pages/hus.vnu.edu.vn__dao-tao__sau-dai-hoc.html,D:\DM\lumi\data\raw\html\public_pages\hus.vnu.edu.vn__dao-tao__sau-dai-hoc.html,https://hus.vnu.edu.vn/dao-tao/sau-dai-hoc,hus.vnu.edu.vn,vi,43537,beca1d95b33133bb6ba0d322f93852dc9dba42de47b055f5e01a7b9bb4316ff6,True,Nguồn public truy cập không cần đăng nhập; chỉ dùng cho học tập/nghiên cứu.,2026-05-18T09:51:54.713663+00:00,warning,['html_short_body'],0,176
doc_096da4e0b0e266a8,Hóa học & Công nghệ,hus.vnu.edu.vn__dao-tao__sau-dai-hoc__hoa-hoc-va-cong-nghe.html,html,.html,dao_tao,content,True,False,False,False,True,html/public_pages/hus.vnu.edu.vn__dao-tao__sau-dai-hoc__hoa-hoc-va-cong-nghe.html,D:\DM\lumi\data\raw\html\public_pages\hus.vnu.edu.vn__dao-tao__sau-dai-hoc__hoa-hoc-va-cong-nghe.html,https://hus.vnu.edu.vn/dao-tao/sau-dai-hoc/hoa-hoc-va-cong-nghe,hus.vnu.edu.vn,vi,39718,7c4fbe706696ea1e2de55c5e0436c8607aaa777e73c63f21ceadc1298f97cb55,True,Nguồn public truy cập không cần đăng nhập; chỉ dùng cho học tập/nghiên cứu.,2026-05-18T09:51:54.727357+00:00,ok,[],0,693
doc_fc33363ceca58e9c,Khoa học Trái đất - Tài nguyên & Môi trường,hus.vnu.edu.vn__dao-tao__sau-dai-hoc__khoa-hoc-trai-dat-va-tai-nguyen-moi-truong.html,html,.html,nghien_cuu,content,True,False,False,False,True,html/public_pages/hus.vnu.edu.vn__dao-tao__sau-dai-hoc__khoa-hoc-trai-dat-va-tai-nguyen-moi-truong.html,D:\DM\lumi\data\raw\html\public_pages\hus.vnu.edu.vn__dao-tao__sau-dai-hoc__khoa-hoc-trai-dat-va-tai-nguyen-moi-truong.html,https://hus.vnu.edu.vn/dao-tao/sau-dai-hoc/khoa-hoc-trai-dat-va-tai-nguyen-moi-truong,hus.vnu.edu.vn,vi,41521,18a46e752ddcd87955e12f21cdec0a83d662c6ae1bbd6d911182ca800487524c,True,Nguồn public truy cập không cần đăng nhập; chỉ dùng cho học tập/nghiên cứu.,2026-05-18T09:51:54.741005+00:00,ok,[],0,1281
doc_2bfb8aa995978ad6,Sinh học & Công nghệ,hus.vnu.edu.vn__dao-tao__sau-dai-hoc__sinh-hoc-va-cong-nghe.html,html,.html,dao_tao,content,True,False,False,False,True,html/public_pages/hus.vnu.edu.vn__dao-tao__sau-dai-hoc__sinh-hoc-va-cong-nghe.html,D:\DM\lumi\data\raw\html\public_pages\hus.vnu.edu.vn__dao-tao__sau-dai-hoc__sinh-hoc-va-cong-nghe.html,https://hus.vnu.edu.vn/dao-tao/sau-dai-hoc/sinh-hoc-va-cong-nghe,hus.vnu.edu.vn,vi,40858,792bf04d0bde5e59d42ca8df3417dbdcc288397255bfee18a0e13c2d5e780771,True,Nguồn public truy cập không cần đăng nhập; chỉ dùng cho học tập/nghiên cứu.,2026-05-18T09:51:54.755637+00:00,ok,[],0,921
doc_e2f03fc4ccdcf6e5,Vật lý & Công nghệ,hus.vnu.edu.vn__dao-tao__sau-dai-hoc__vat-ly-va-cong-nghe.html,html,.html,dao_tao,content,True,False,False,False,True,html/public_pages/hus.vnu.edu.vn__dao-tao__sau-dai-hoc__vat-ly-va-cong-nghe.html,D:\DM\lumi\data\raw\html\public_pages\hus.vnu.edu.vn__dao-tao__sau-dai-hoc__vat-ly-va-cong-nghe.html,https://hus.vnu.edu.vn/dao-tao/sau-dai-hoc/vat-ly-va-cong-nghe,hus.vnu.edu.vn,vi,39429,44ff5991351285a05e36e84b4d0ae789a7f37462c643f37c9ed0009898bae133,True,Nguồn public truy cập không cần đăng nhập; chỉ dùng cho học tập/nghiên cứu.,2026-05-18T09:51:54.769500+00:00,ok,[],0,669
doc_4cc843cdb58ada04,Giới thiệu,hus.vnu.edu.vn__gioi-thieu__cac-khuon-vien.html,html,.html,thong_tin_chung,content,True,False,False,False,True,html/public_pages/hus.vnu.edu.vn__gioi-thieu__cac-khuon-vien.html,D:\DM\lumi\data\raw\html\public_pages\hus.vnu.edu.vn__gioi-thieu__cac-khuon-vien.html,https://hus.vnu.edu.vn/gioi-thieu/cac-khuon-vien,hus.vnu.edu.vn,vi,92186,c294b00de7ad0388e6e235aae2d3d8371e4a4e0afa1d140a5c19f36116aba982,True,Nguồn public truy cập không cần đăng nhập; chỉ dùng cho học tập/nghiên cứu.,2026-05-18T09:51:54.791983+00:00,ok,[],0,2816
doc_f772dbdd370c1609,Hội đồng Khoa học Đào tạo,hus.vnu.edu.vn__gioi-thieu__can-bo__hoi-dong-khoa-hoc-dao-tao.html,html,.html,nghien_cuu,content,True,False,False,False,True,html/public_pages/hus.vnu.edu.vn__gioi-thieu__can-bo__hoi-dong-khoa-hoc-dao-tao.html,D:\DM\lumi\data\raw\html\public_pages\hus.vnu.edu.vn__gioi-thieu__can-bo__hoi-dong-khoa-hoc-dao-tao.html,https://hus.vnu.edu.vn/gioi-thieu/can-bo/hoi-dong-khoa-hoc-dao-tao,hus.vnu.edu.vn,vi,75411,53d011f060b928192b10e155ece6a4de62b4b094e1f5d53ac9edb793ef6062e8,True,Nguồn public truy cập không cần đăng nhập; chỉ dùng cho học tập/nghiên cứu.,2026-05-18T09:51:54.816324+00:00,ok,[],0,4132
doc_4d1775470f3454f5,Chiến lược phát triển,hus.vnu.edu.vn__gioi-thieu__chien-luoc-phat-trien.html,html,.html,thong_tin_chung,content,True,False,False,False,True,html/public_pages/hus.vnu.edu.vn__gioi-thieu__chien-luoc-phat-trien.html,D:\DM\lumi\data\raw\html\public_pages\hus.vnu.edu.vn__gioi-thieu__chien-luoc-phat-trien.html,https://hus.vnu.edu.vn/gioi-thieu/chien-luoc-phat-trien,hus.vnu.edu.vn,vi,225460,09d11cb683b86439d74ba680b5d11bb5b9cb51e9adae3cff789bd4e0d0113db2,True,Nguồn public truy cập không cần đăng nhập; chỉ dùng cho học tập/nghiên cứu.,2026-05-18T09:51:54.857171+00:00,ok,[],0,35066
doc_7eacf4c35c828e7e,Ban Giám Hiệu Trường,hus.vnu.edu.vn__gioi-thieu__co-cau-to-chuc__ban-giam-hieu.html,html,.html,thong_tin_chung,content,True,False,False,False,True,html/public_pages/hus.vnu.edu.vn__gioi-thieu__co-cau-to-chuc__ban-giam-hieu.html,D:\DM\lumi\data\raw\html\public_pages\hus.vnu.edu.vn__gioi-thieu__co-cau-to-chuc__ban-giam-hieu.html,https://hus.vnu.edu.vn/gioi-thieu/co-cau-to-chuc/ban-giam-hieu,hus.vnu.edu.vn,vi,89879,becf1e1d677c954f389f06821ce8a74748687c57ef0577dfac522eeb078190c6,True,Nguồn public truy cập không cần đăng nhập; chỉ dùng cho học tập/nghiên cứu.,2026-05-18T09:51:54.878879+00:00,ok,[],0,2689
doc_47f2b1901c0e7b0b,Đảng - Đoàn thể,hus.vnu.edu.vn__gioi-thieu__co-cau-to-chuc__dang-doan-the.html,html,.html,thong_tin_chung,content,True,False,False,False,True,html/public_pages/hus.vnu.edu.vn__gioi-thieu__co-cau-to-chuc__dang-doan-the.html,D:\DM\lumi\data\raw\html\public_pages\hus.vnu.edu.vn__gioi-thieu__co-cau-to-chuc__dang-doan-the.html,https://hus.vnu.edu.vn/gioi-thieu/co-cau-to-chuc/dang-doan-the,hus.vnu.edu.vn,vi,91247,f61f7a8500246379240d237aa5f0def2e83cb6d615d840d9211cce19915488a2,True,Nguồn public truy cập không cần đăng nhập; chỉ dùng cho học tập/nghiên cứu.,2026-05-18T09:51:54.900956+00:00,ok,[],0,2802
doc_2529ec812ef02fe6,Sơ đồ tổ chức,hus.vnu.edu.vn__gioi-thieu__co-cau-to-chuc__du-an-va-cong-ty.html,html,.html,thong_tin_chung,content,True,False,False,False,True,html/public_pages/hus.vnu.edu.vn__gioi-thieu__co-cau-to-chuc__du-an-va-cong-ty.html,D:\DM\lumi\data\raw\html\public_pages\hus.vnu.edu.vn__gioi-thieu__co-cau-to-chuc__du-an-va-cong-ty.html,https://hus.vnu.edu.vn/gioi-thieu/co-cau-to-chuc/du-an-va-cong-ty,hus.vnu.edu.vn,vi,101328,8190f68cb2cb2dc3d5cbe4e1b1f8e9a2bb2a5a131f1932127a528d2839d33f2c,True,Nguồn public truy cập không cần đăng nhập; chỉ dùng cho học tập/nghiên cứu.,2026-05-18T09:51:54.926352+00:00,ok,[],0,2816
doc_d702d9bab1b02790,Khoa Trực thuộc,hus.vnu.edu.vn__gioi-thieu__co-cau-to-chuc__khoa-truc-thuoc.html,html,.html,thong_tin_chung,content,True,False,False,False,True,html/public_pages/hus.vnu.edu.vn__gioi-thieu__co-cau-to-chuc__khoa-truc-thuoc.html,D:\DM\lumi\data\raw\html\public_pages\hus.vnu.edu.vn__gioi-thieu__co-cau-to-chuc__khoa-truc-thuoc.html,https://hus.vnu.edu.vn/gioi-thieu/co-cau-to-chuc/khoa-truc-thuoc,hus.vnu.edu.vn,vi,142436,bb78494b09de9249668f32772ab2f2974d85e1d82daf13638f5ef06d622b8ec6,True,Nguồn public truy cập không cần đăng nhập; chỉ dùng cho học tập/nghiên cứu.,2026-05-18T09:51:54.956139+00:00,ok,[],0,5429
doc_ac2a9b3e37bd0608,Phòng ban chức năng,hus.vnu.edu.vn__gioi-thieu__co-cau-to-chuc__phong-ban-chuc-nang.html,html,.html,thong_tin_chung,content,True,False,False,False,True,html/public_pages/hus.vnu.edu.vn__gioi-thieu__co-cau-to-chuc__phong-ban-chuc-nang.html,D:\DM\lumi\data\raw\html\public_pages\hus.vnu.edu.vn__gioi-thieu__co-cau-to-chuc__phong-ban-chuc-nang.html,https://hus.vnu.edu.vn/gioi-thieu/co-cau-to-chuc/phong-ban-chuc-nang,hus.vnu.edu.vn,vi,93423,08cf14bfc6db658aace7c14aa0460e2c5c5b65633c1d5cc06398613ef3038021,True,Nguồn public truy cập không cần đăng nhập; chỉ dùng cho học tập/nghiên cứu.,2026-05-18T09:51:54.980386+00:00,ok,[],0,3052
doc_4fd5f4b7c8d1815b,Phòng thí nghiệm Trọng điểm,hus.vnu.edu.vn__gioi-thieu__co-cau-to-chuc__phong-thi-nghiem-trong-diem.html,html,.html,nghien_cuu,content,True,False,False,False,True,html/public_pages/hus.vnu.edu.vn__gioi-thieu__co-cau-to-chuc__phong-thi-nghiem-trong-diem.html,D:\DM\lumi\data\raw\html\public_pages\hus.vnu.edu.vn__gioi-thieu__co-cau-to-chuc__phong-thi-nghiem-trong-diem.html,https://hus.vnu.edu.vn/gioi-thieu/co-cau-to-chuc/phong-thi-nghiem-trong-diem,hus.vnu.edu.vn,vi,67305,af335e1fe63ad364b2f60ae12113de0635fa3cb6f033116a52633bf2d1c6205a,True,Nguồn public truy cập không cần đăng nhập; chỉ dùng cho học tập/nghiên cứu.,2026-05-18T09:51:54.999208+00:00,ok,[],0,2767
doc_e4537aa14e4f07c3,Sơ đồ tổ chức,hus.vnu.edu.vn__gioi-thieu__co-cau-to-chuc__so-do-to-chuc.html,html,.html,thong_tin_chung,content,True,False,False,False,True,html/public_pages/hus.vnu.edu.vn__gioi-thieu__co-cau-to-chuc__so-do-to-chuc.html,D:\DM\lumi\data\raw\html\public_pages\hus.vnu.edu.vn__gioi-thieu__co-cau-to-chuc__so-do-to-chuc.html,https://hus.vnu.edu.vn/gioi-thieu/co-cau-to-chuc/so-do-to-chuc,hus.vnu.edu.vn,vi,101514,06ee48351fff931361f063d039b1f65411d09927843394c47ce728f2a6cc7cd7,True,Nguồn public truy cập không cần đăng nhập; chỉ dùng cho học tập/nghiên cứu.,2026-05-18T09:51:55.023904+00:00,ok,[],0,2834
doc_3391e5104cc04d77,Lịch sử phát triển,hus.vnu.edu.vn__gioi-thieu__lich-su-phat-trien.html,html,.html,thong_tin_chung,content,True,False,False,False,True,html/public_pages/hus.vnu.edu.vn__gioi-thieu__lich-su-phat-trien.html,D:\DM\lumi\data\raw\html\public_pages\hus.vnu.edu.vn__gioi-thieu__lich-su-phat-trien.html,https://hus.vnu.edu.vn/gioi-thieu/lich-su-phat-trien,hus.vnu.edu.vn,vi,221186,3ae603d0deecd48dbeb08a0e325763e9e3be1d7a42a22546cab1f70725cbe313,True,Nguồn public truy cập không cần đăng nhập; chỉ dùng cho học tập/nghiên cứu.,2026-05-18T09:51:55.053846+00:00,warning,['possible_mojibake'],0,41955
doc_9e8c3a33484a80bf,Lời chào mừng,hus.vnu.edu.vn__gioi-thieu__loi-chao-mung.html,html,.html,thong_tin_chung,content,True,False,False,False,True,html/public_pages/hus.vnu.edu.vn__gioi-thieu__loi-chao-mung.html,D:\DM\lumi\data\raw\html\public_pages\hus.vnu.edu.vn__gioi-thieu__loi-chao-mung.html,https://hus.vnu.edu.vn/gioi-thieu/loi-chao-mung,hus.vnu.edu.vn,vi,104108,a388a278b848fb541c909cfd74142ba073549ac6fad8774494cc38802488e34b,True,Nguồn public truy cập không cần đăng nhập; chỉ dùng cho học tập/nghiên cứu.,2026-05-18T09:51:55.095221+00:00,ok,[],0,5066
doc_fd4393b1eb03d92a,Học sinh - Sinh viên,hus.vnu.edu.vn__hoc-sinh-sinh-vien__gioi-thieu-chung.html,html,.html,sinh_vien,content,True,False,False,False,True,html/public_pages/hus.vnu.edu.vn__hoc-sinh-sinh-vien__gioi-thieu-chung.html,D:\DM\lumi\data\raw\html\public_pages\hus.vnu.edu.vn__hoc-sinh-sinh-vien__gioi-thieu-chung.html,https://hus.vnu.edu.vn/hoc-sinh-sinh-vien/gioi-thieu-chung,hus.vnu.edu.vn,vi,68548,f07aaa288253060b1e21abb01129bdfd9af033816e0e8991b9ff45977e33d9f0,True,Nguồn public truy cập không cần đăng nhập; chỉ dùng cho học tập/nghiên cứu.,2026-05-18T09:51:55.114133+00:00,ok,[],0,5112
doc_156bce5d712f28f3,"Quy chế, quy định",hus.vnu.edu.vn__hoc-sinh-sinh-vien__quy-che-quy-dinh.html,html,.html,quy_che,content,True,False,False,False,True,html/public_pages/hus.vnu.edu.vn__hoc-sinh-sinh-vien__quy-che-quy-dinh.html,D:\DM\lumi\data\raw\html\public_pages\hus.vnu.edu.vn__hoc-sinh-sinh-vien__quy-che-quy-dinh.html,https://hus.vnu.edu.vn/hoc-sinh-sinh-vien/quy-che-quy-dinh,hus.vnu.edu.vn,vi,61653,2801172404d059730747d2bd9b59f001080eaf528f0932607820154761cc5dc4,True,Nguồn public truy cập không cần đăng nhập; chỉ dùng cho học tập/nghiên cứu.,2026-05-18T09:51:55.131431+00:00,ok,[],0,2427
doc_3fc4cb9fe6ada57b,data_raw_manifest,data_raw_manifest.json,json,.json,khac,manifest,False,True,False,False,True,json/data_raw_manifest.json,D:\DM\lumi\data\raw\json\data_raw_manifest.json,,,vi,86463,54763da5024f94dcf5abc60fa6d9b83f646414c8d03c4bd7f5e89eb1805b9d63,True,public/local educational dataset,2026-05-18T09:51:55.132433+00:00,ok,[],0,2799
doc_262901a7cbd909ed,112. THS Phuong Phap Toan So Cap QD 4930,112.-ths-phuong-phap-toan-so-cap-qd-4930.pdf,pdf,.pdf,dao_tao,content,True,False,False,False,True,pdf/dao_tao/112.-ths-phuong-phap-toan-so-cap-qd-4930.pdf,D:\DM\lumi\data\raw\pdf\dao_tao\112.-ths-phuong-phap-toan-so-cap-qd-4930.pdf,https://hus.vnu.edu.vn/DATA/IMAGES/2024/06/112.-ths-phuong-phap-toan-so-cap-qd-4930.pdf,hus.vnu.edu.vn,vi,1400720,ba589f1008534adcd46d15e4ad9b1304f6430b17ac5a26316004f95c576c986f,True,Nguồn public truy cập không cần đăng nhập; chỉ dùng cho học tập/nghiên cứu.,2026-05-18T09:51:55.225381+00:00,warning,['pdf_sample_needs_ocr'],10,0
doc_3778ebc7dd891903,113. THS Toan Ung Dung QD 4931,113.-ths-toan-ung-dung-qd-4931.pdf,pdf,.pdf,dao_tao,content,True,False,False,False,True,pdf/dao_tao/113.-ths-toan-ung-dung-qd-4931.pdf,D:\DM\lumi\data\raw\pdf\dao_tao\113.-ths-toan-ung-dung-qd-4931.pdf,https://hus.vnu.edu.vn/DATA/IMAGES/2024/06/113.-ths-toan-ung-dung-qd-4931.pdf,hus.vnu.edu.vn,vi,1560831,241f35be642edf7ba23b710aee8500229361b0ad6ab3fd0e03b3eda06da64721,True,Nguồn public truy cập không cần đăng nhập; chỉ dùng cho học tập/nghiên cứu.,2026-05-18T09:51:55.229055+00:00,warning,['pdf_sample_needs_ocr'],11,0
doc_b8722d902b4a4ea8,115. THS Co Hoc QD 4933,115.-ths-co-hoc-qd-4933.pdf,pdf,.pdf,dao_tao,content,True,False,False,False,True,pdf/dao_tao/115.-ths-co-hoc-qd-4933.pdf,D:\DM\lumi\data\raw\pdf\dao_tao\115.-ths-co-hoc-qd-4933.pdf,https://hus.vnu.edu.vn/DATA/IMAGES/2024/06/115.-ths-co-hoc-qd-4933.pdf,hus.vnu.edu.vn,vi,1549164,b2bca12a59d6ba8d1ad559f86cadb8070cbc314a2f4f1d5503cc2a62ba52566c,True,Nguồn public truy cập không cần đăng nhập; chỉ dùng cho học tập/nghiên cứu.,2026-05-18T09:51:55.231059+00:00,warning,['pdf_sample_needs_ocr'],11,0
doc_cdecb68acb9f5feb,116.-ths-co-so-toan-hoc-cho-tin-hoc-qd-4934-2.pdf,116.-ths-co-so-toan-hoc-cho-tin-hoc-qd-4934-2.pdf,pdf,.pdf,dao_tao,content,True,False,False,False,True,pdf/dao_tao/116.-ths-co-so-toan-hoc-cho-tin-hoc-qd-4934-2.pdf,D:\DM\lumi\data\raw\pdf\dao_tao\116.-ths-co-so-toan-hoc-cho-tin-hoc-qd-4934-2.pdf,file:///D:/DM/lumi-ai-assistant/data/raw/pdf/2026-05-15/116.-ths-co-so-toan-hoc-cho-tin-hoc-qd-4934-2.pdf,local_repo_docs,vi,1595565,777d94de174687d65d481a4b26acca075f74454dcaf9d70859b1255778a4b57a,True,Nguồn public truy cập không cần đăng nhập; chỉ dùng cho học tập/nghiên cứu.,2026-05-18T09:51:55.234029+00:00,warning,['pdf_sample_needs_ocr'],11,0
doc_3720e54e93ff7d5b,121. TS Toan Giai Tich QD 4935,121.-ts-toan-giai-tich-qd-4935.pdf,pdf,.pdf,dao_tao,content,True,False,False,False,True,pdf/dao_tao/121.-ts-toan-giai-tich-qd-4935.pdf,D:\DM\lumi\data\raw\pdf\dao_tao\121.-ts-toan-giai-tich-qd-4935.pdf,https://hus.vnu.edu.vn/DATA/IMAGES/2024/06/121.-ts-toan-giai-tich-qd-4935.pdf,hus.vnu.edu.vn,vi,2234549,12fcdf68f2a040c223a581abe2e4ef8aedf753198cc73024da6f176e5147421e,True,Nguồn public truy cập không cần đăng nhập; chỉ dùng cho học tập/nghiên cứu.,2026-05-18T09:51:55.237083+00:00,warning,['pdf_sample_needs_ocr'],15,0
doc_666e00a5d894614d,122. TS Phuong Trinh Vi Phan Va Tich Phan QD 4936,122.-ts-phuong-trinh-vi-phan-va-tich-phan-qd-4936.pdf,pdf,.pdf,dao_tao,content,True,False,False,False,True,pdf/dao_tao/122.-ts-phuong-trinh-vi-phan-va-tich-phan-qd-4936.pdf,D:\DM\lumi\data\raw\pdf\dao_tao\122.-ts-phuong-trinh-vi-phan-va-tich-phan-qd-4936.pdf,https://hus.vnu.edu.vn/DATA/IMAGES/2024/06/122.-ts-phuong-trinh-vi-phan-va-tich-phan-qd-4936.pdf,hus.vnu.edu.vn,vi,2265213,ff537a063babdfee2204ac9cf230d06f151b645cc5724ad568ab058fbad30cfa,True,Nguồn public truy cập không cần đăng nhập; chỉ dùng cho học tập/nghiên cứu.,2026-05-18T09:51:55.240083+00:00,warning,['pdf_sample_needs_ocr'],14,0
doc_cc1b3b49832aa678,123. TS Dai So Va Ly Thuyet So QD 4937,123.-ts-dai-so-va-ly-thuyet-so-qd-4937.pdf,pdf,.pdf,dao_tao,content,True,False,False,False,True,pdf/dao_tao/123.-ts-dai-so-va-ly-thuyet-so-qd-4937.pdf,D:\DM\lumi\data\raw\pdf\dao_tao\123.-ts-dai-so-va-ly-thuyet-so-qd-4937.pdf,https://hus.vnu.edu.vn/DATA/IMAGES/2024/06/123.-ts-dai-so-va-ly-thuyet-so-qd-4937.pdf,hus.vnu.edu.vn,vi,2541250,775b7fcc2ba7ed75f70fd65ae987f9e15f38f8ca1c41b1d9311c41ea5c6a19ae,True,Nguồn public truy cập không cần đăng nhập; chỉ dùng cho học tập/nghiên cứu.,2026-05-18T09:51:55.244252+00:00,warning,['pdf_sample_needs_ocr'],16,0
doc_142f1eee6b282499,124. TS Toan Ung Dung QD 4938,124.-ts-toan-ung-dung-qd-4938.pdf,pdf,.pdf,dao_tao,content,True,False,False,False,True,pdf/dao_tao/124.-ts-toan-ung-dung-qd-4938.pdf,D:\DM\lumi\data\raw\pdf\dao_tao\124.-ts-toan-ung-dung-qd-4938.pdf,https://hus.vnu.edu.vn/DATA/IMAGES/2024/06/124.-ts-toan-ung-dung-qd-4938.pdf,hus.vnu.edu.vn,vi,2269878,7e5bd2d97b9e325f36dd4e8396880fd9027bedf8bdc31f1eed88b9efe7a90426,True,Nguồn public truy cập không cần đăng nhập; chỉ dùng cho học tập/nghiên cứu.,2026-05-18T09:51:55.247239+00:00,warning,['pdf_sample_needs_ocr'],15,0
doc_489a1d51f83cde88,125. TS Ly Thuyet Xac Suat Va Thong Ke Toan Hoc QD 4939,125.-ts-ly-thuyet-xac-suat-va-thong-ke-toan-hoc-qd-4939.pdf,pdf,.pdf,dao_tao,content,True,False,False,False,True,pdf/dao_tao/125.-ts-ly-thuyet-xac-suat-va-thong-ke-toan-hoc-qd-4939.pdf,D:\DM\lumi\data\raw\pdf\dao_tao\125.-ts-ly-thuyet-xac-suat-va-thong-ke-toan-hoc-qd-4939.pdf,https://hus.vnu.edu.vn/DATA/IMAGES/2024/06/125.-ts-ly-thuyet-xac-suat-va-thong-ke-toan-hoc-qd-4939.pdf,hus.vnu.edu.vn,vi,2389639,1d76d66e8516647af1e9d58bddf1a8f9ec03c49f6507cfd6a6bacb95bd639123,True,Nguồn public truy cập không cần đăng nhập; chỉ dùng cho học tập/nghiên cứu.,2026-05-18T09:51:55.250576+00:00,warning,['pdf_sample_needs_ocr'],15,0
doc_250226d0663d2d80,126. TS Co So Toan Hoc Cho Tin Hoc QD 4940,126.-ts-co-so-toan-hoc-cho-tin-hoc-qd-4940.pdf,pdf,.pdf,dao_tao,content,True,False,False,False,True,pdf/dao_tao/126.-ts-co-so-toan-hoc-cho-tin-hoc-qd-4940.pdf,D:\DM\lumi\data\raw\pdf\dao_tao\126.-ts-co-so-toan-hoc-cho-tin-hoc-qd-4940.pdf,https://hus.vnu.edu.vn/DATA/IMAGES/2024/06/126.-ts-co-so-toan-hoc-cho-tin-hoc-qd-4940.pdf,hus.vnu.edu.vn,vi,2385528,7a82f159a3f2e429f7241169e9ed01df1dbbcaa090d56d6794f46ce8f05c439e,True,Nguồn public truy cập không cần đăng nhập; chỉ dùng cho học tập/nghiên cứu.,2026-05-18T09:51:55.253583+00:00,warning,['pdf_sample_needs_ocr'],15,0
doc_57c37e1583f4e6af,127. TS Co Hoc QD 4941,127.-ts-co-hoc-qd-4941.pdf,pdf,.pdf,dao_tao,content,True,False,False,False,True,pdf/dao_tao/127.-ts-co-hoc-qd-4941.pdf,D:\DM\lumi\data\raw\pdf\dao_tao\127.-ts-co-hoc-qd-4941.pdf,https://hus.vnu.edu.vn/DATA/IMAGES/2024/06/127.-ts-co-hoc-qd-4941.pdf,hus.vnu.edu.vn,vi,2556138,ee7897b1c7d927d7b5988c14e6f252b58d6bdd96cf756f6b45c4b3263cd894b4,True,Nguồn public truy cập không cần đăng nhập; chỉ dùng cho học tập/nghiên cứu.,2026-05-18T09:51:55.257097+00:00,warning,['pdf_sample_needs_ocr'],16,0
doc_6f2553345bcc6508,211. THS Vat Ly QD 4942,211.-ths-vat-ly-qd-4942.pdf,pdf,.pdf,dao_tao,content,True,False,False,False,True,pdf/dao_tao/211.-ths-vat-ly-qd-4942.pdf,D:\DM\lumi\data\raw\pdf\dao_tao\211.-ths-vat-ly-qd-4942.pdf,https://hus.vnu.edu.vn/DATA/IMAGES/2024/06/211.-ths-vat-ly-qd-4942.pdf,hus.vnu.edu.vn,vi,1685133,be66fc1be6869f6c62acfe2aad092bacace22698fda09f205a247fd6ea8df133,True,Nguồn public truy cập không cần đăng nhập; chỉ dùng cho học tập/nghiên cứu.,2026-05-18T09:51:55.259607+00:00,warning,['pdf_sample_needs_ocr'],11,0
doc_ffee1373231478c4,221. TS Vat Ly Ly Thuyet Va Vlt QD 4943,221.-ts-vat-ly-ly-thuyet-va-vlt-qd-4943.pdf,pdf,.pdf,dao_tao,content,True,False,False,False,True,pdf/dao_tao/221.-ts-vat-ly-ly-thuyet-va-vlt-qd-4943.pdf,D:\DM\lumi\data\raw\pdf\dao_tao\221.-ts-vat-ly-ly-thuyet-va-vlt-qd-4943.pdf,https://hus.vnu.edu.vn/DATA/IMAGES/2024/06/221.-ts-vat-ly-ly-thuyet-va-vlt-qd-4943.pdf,hus.vnu.edu.vn,vi,2466190,9b5af89bcd1fe2a1c67caf4e419f3d9b237bed3b1f1d33fcdbe43adc3002b564,True,Nguồn public truy cập không cần đăng nhập; chỉ dùng cho học tập/nghiên cứu.,2026-05-18T09:51:55.265628+00:00,warning,['pdf_sample_needs_ocr'],16,0
doc_883bc05f77fe6b32,311. THS Hoa Hoc QD 3570,311.-ths-hoa-hoc-qd-3570.pdf,pdf,.pdf,dao_tao,content,True,False,False,False,True,pdf/dao_tao/311.-ths-hoa-hoc-qd-3570.pdf,D:\DM\lumi\data\raw\pdf\dao_tao\311.-ths-hoa-hoc-qd-3570.pdf,https://hus.vnu.edu.vn/DATA/IMAGES/2024/06/311.-ths-hoa-hoc-qd-3570.pdf,hus.vnu.edu.vn,vi,2641433,c68e4a8361753b4dea8ddd72130456281a2263aec33b3d2a58ad36b9bbcfb805,True,Nguồn public truy cập không cần đăng nhập; chỉ dùng cho học tập/nghiên cứu.,2026-05-18T09:51:55.269629+00:00,warning,['pdf_sample_needs_ocr'],17,0
doc_d9892742fabbbdcb,312. THS Ky Thuat Hoa Hoc QD 3571,312.-ths-ky-thuat-hoa-hoc-qd-3571.pdf,pdf,.pdf,dao_tao,content,True,False,False,False,True,pdf/dao_tao/312.-ths-ky-thuat-hoa-hoc-qd-3571.pdf,D:\DM\lumi\data\raw\pdf\dao_tao\312.-ths-ky-thuat-hoa-hoc-qd-3571.pdf,https://hus.vnu.edu.vn/DATA/IMAGES/2024/06/312.-ths-ky-thuat-hoa-hoc-qd-3571.pdf,hus.vnu.edu.vn,vi,1919736,3885518cb048e506040f0a067ca4b2ced011950add89db28c149cf6656102246,True,Nguồn public truy cập không cần đăng nhập; chỉ dùng cho học tập/nghiên cứu.,2026-05-18T09:51:55.272393+00:00,warning,['pdf_sample_needs_ocr'],13,0
doc_d26b7f6909c7996d,313. THS Hoa Phan Tich QD 3572,313.-ths-hoa-phan-tich-qd-3572.pdf,pdf,.pdf,dao_tao,content,True,False,False,False,True,pdf/dao_tao/313.-ths-hoa-phan-tich-qd-3572.pdf,D:\DM\lumi\data\raw\pdf\dao_tao\313.-ths-hoa-phan-tich-qd-3572.pdf,https://hus.vnu.edu.vn/DATA/IMAGES/2024/06/313.-ths-hoa-phan-tich-qd-3572.pdf,hus.vnu.edu.vn,vi,1769464,17ceebb9476d3a9fd88a56899e66d665cf2770949fba102c8ea280e29b243eba,True,Nguồn public truy cập không cần đăng nhập; chỉ dùng cho học tập/nghiên cứu.,2026-05-18T09:51:55.274863+00:00,warning,['pdf_sample_needs_ocr'],12,0
doc_42f87ab49078f6e9,321. TS Hoa Vo Co QD 4914,321.-ts-hoa-vo-co-qd-4914.pdf,pdf,.pdf,dao_tao,content,True,False,False,False,True,pdf/dao_tao/321.-ts-hoa-vo-co-qd-4914.pdf,D:\DM\lumi\data\raw\pdf\dao_tao\321.-ts-hoa-vo-co-qd-4914.pdf,https://hus.vnu.edu.vn/DATA/IMAGES/2024/06/321.-ts-hoa-vo-co-qd-4914.pdf,hus.vnu.edu.vn,vi,2298193,0797466fe74ceb3578525463b976142f940bed75507c3c79d08041cf9e58c879,True,Nguồn public truy cập không cần đăng nhập; chỉ dùng cho học tập/nghiên cứu.,2026-05-18T09:51:55.277519+00:00,warning,['pdf_sample_needs_ocr'],15,0
doc_fd019ab778eebd0c,322. TS Hoa Huu Co QD 4915,322.-ts-hoa-huu-co-qd-4915.pdf,pdf,.pdf,dao_tao,content,True,False,False,False,True,pdf/dao_tao/322.-ts-hoa-huu-co-qd-4915.pdf,D:\DM\lumi\data\raw\pdf\dao_tao\322.-ts-hoa-huu-co-qd-4915.pdf,https://hus.vnu.edu.vn/DATA/IMAGES/2024/06/322.-ts-hoa-huu-co-qd-4915.pdf,hus.vnu.edu.vn,vi,2439060,043f2419a0c0f411108df385e2fef8f7abbf6e81b456f2731c757a3b1451501b,True,Nguồn public truy cập không cần đăng nhập; chỉ dùng cho học tập/nghiên cứu.,2026-05-18T09:51:55.281525+00:00,warning,['pdf_sample_needs_ocr'],15,0
doc_74a26497b48a0cc7,323. TS Hoa Phan Tich QD 4916,323.-ts-hoa-phan-tich-qd-4916.pdf,pdf,.pdf,dao_tao,content,True,False,False,False,True,pdf/dao_tao/323.-ts-hoa-phan-tich-qd-4916.pdf,D:\DM\lumi\data\raw\pdf\dao_tao\323.-ts-hoa-phan-tich-qd-4916.pdf,https://hus.vnu.edu.vn/DATA/IMAGES/2024/06/323.-ts-hoa-phan-tich-qd-4916.pdf,hus.vnu.edu.vn,vi,2352024,402eecf272ee40e6856a0bff48793cc4283e123b17b70d20ac6e253c0bb20b97,True,Nguồn public truy cập không cần đăng nhập; chỉ dùng cho học tập/nghiên cứu.,2026-05-18T09:51:55.284503+00:00,warning,['pdf_sample_needs_ocr'],14,0
doc_9f4e6a4a0f11b1cc,324. TS Hoa Ly Thuyet Va Hoa Ly QD 4917,324.-ts-hoa-ly-thuyet-va-hoa-ly-qd-4917.pdf,pdf,.pdf,dao_tao,content,True,False,False,False,True,pdf/dao_tao/324.-ts-hoa-ly-thuyet-va-hoa-ly-qd-4917.pdf,D:\DM\lumi\data\raw\pdf\dao_tao\324.-ts-hoa-ly-thuyet-va-hoa-ly-qd-4917.pdf,https://hus.vnu.edu.vn/DATA/IMAGES/2024/06/324.-ts-hoa-ly-thuyet-va-hoa-ly-qd-4917.pdf,hus.vnu.edu.vn,vi,2489252,22b3d45f25f702a1a97a9167b63f667345b4dbf25d0124bb7d026f70a7d7b1f3,True,Nguồn public truy cập không cần đăng nhập; chỉ dùng cho học tập/nghiên cứu.,2026-05-18T09:51:55.288070+00:00,warning,['pdf_sample_needs_ocr'],15,0
doc_3041ddc81fbf86d1,325.-ts-hoa-moi-truong-qd-4918.pdf,325.-ts-hoa-moi-truong-qd-4918.pdf,pdf,.pdf,dao_tao,content,True,False,False,False,True,pdf/dao_tao/325.-ts-hoa-moi-truong-qd-4918.pdf,D:\DM\lumi\data\raw\pdf\dao_tao\325.-ts-hoa-moi-truong-qd-4918.pdf,https://hus.vnu.edu.vn/DATA/IMAGES/2024/06/325.-ts-hoa-moi-truong-qd-4918.pdf,hus.vnu.edu.vn,vi,2510649,f152735eb816e0096a909a6d9566f56bdb6fe07e08517be077470fa71fc03a01,True,Nguồn public truy cập không cần đăng nhập; chỉ dùng cho học tập/nghiên cứu.,2026-05-18T09:51:55.289571+00:00,warning,['pdf_sample_needs_ocr'],15,0
doc_58cd9009fa66c617,326. TS Ky Thuat Hoa Dau Va Loc Dau QD 4919,326.-ts-ky-thuat-hoa-dau-va-loc-dau-qd-4919.pdf,pdf,.pdf,dao_tao,content,True,False,False,False,True,pdf/dao_tao/326.-ts-ky-thuat-hoa-dau-va-loc-dau-qd-4919.pdf,D:\DM\lumi\data\raw\pdf\dao_tao\326.-ts-ky-thuat-hoa-dau-va-loc-dau-qd-4919.pdf,https://hus.vnu.edu.vn/DATA/IMAGES/2024/06/326.-ts-ky-thuat-hoa-dau-va-loc-dau-qd-4919.pdf,hus.vnu.edu.vn,vi,2461905,044bec0107f660be4dd03a18e9261927845161a2ad913a6025d54fb48325db84,True,Nguồn public truy cập không cần đăng nhập; chỉ dùng cho học tập/nghiên cứu.,2026-05-18T09:51:55.294040+00:00,warning,['pdf_sample_needs_ocr'],15,0
doc_b3125c15a91a22df,411. THS Sinh Hoc QD 4950,411.-ths-sinh-hoc-qd-4950.pdf,pdf,.pdf,dao_tao,content,True,False,False,False,True,pdf/dao_tao/411.-ths-sinh-hoc-qd-4950.pdf,D:\DM\lumi\data\raw\pdf\dao_tao\411.-ths-sinh-hoc-qd-4950.pdf,https://hus.vnu.edu.vn/DATA/IMAGES/2024/06/411.-ths-sinh-hoc-qd-4950.pdf,hus.vnu.edu.vn,vi,1812905,b37d407197201f6d511197778855034f8ed7c75a80fa600c2ae673d40f92e6b4,True,Nguồn public truy cập không cần đăng nhập; chỉ dùng cho học tập/nghiên cứu.,2026-05-18T09:51:55.297551+00:00,warning,['pdf_sample_needs_ocr'],12,0
doc_81ac4a2318ae77a9,412. THS Cong Nghe Sinh Hoc QD 4951,412.-ths-cong-nghe-sinh-hoc-qd-4951.pdf,pdf,.pdf,dao_tao,content,True,False,False,False,True,pdf/dao_tao/412.-ths-cong-nghe-sinh-hoc-qd-4951.pdf,D:\DM\lumi\data\raw\pdf\dao_tao\412.-ths-cong-nghe-sinh-hoc-qd-4951.pdf,https://hus.vnu.edu.vn/DATA/IMAGES/2024/06/412.-ths-cong-nghe-sinh-hoc-qd-4951.pdf,hus.vnu.edu.vn,vi,1604062,cdeede815ede95123f078170f3db38445a4b8e7e33135e214a49bf8d6e88ecf3,True,Nguồn public truy cập không cần đăng nhập; chỉ dùng cho học tập/nghiên cứu.,2026-05-18T09:51:55.299556+00:00,warning,['pdf_sample_needs_ocr'],11,0
doc_9916f4949f134ba4,413. THS Sinh Hoc Thuc Nghiem QD 4952,413.-ths-sinh-hoc-thuc-nghiem-qd-4952.pdf,pdf,.pdf,dao_tao,content,True,False,False,False,True,pdf/dao_tao/413.-ths-sinh-hoc-thuc-nghiem-qd-4952.pdf,D:\DM\lumi\data\raw\pdf\dao_tao\413.-ths-sinh-hoc-thuc-nghiem-qd-4952.pdf,https://hus.vnu.edu.vn/DATA/IMAGES/2024/06/413.-ths-sinh-hoc-thuc-nghiem-qd-4952.pdf,hus.vnu.edu.vn,vi,1662984,63258f9b400c95e6feefd1944800e9a48cc62828bc14285be0fa6e024970b59b,True,Nguồn public truy cập không cần đăng nhập; chỉ dùng cho học tập/nghiên cứu.,2026-05-18T09:51:55.304551+00:00,warning,['pdf_sample_needs_ocr'],11,0
doc_bf347585625a1862,414. THS Di Truyen Hoc QD 4953,414.-ths-di-truyen-hoc-qd-4953.pdf,pdf,.pdf,dao_tao,content,True,False,False,False,True,pdf/dao_tao/414.-ths-di-truyen-hoc-qd-4953.pdf,D:\DM\lumi\data\raw\pdf\dao_tao\414.-ths-di-truyen-hoc-qd-4953.pdf,https://hus.vnu.edu.vn/DATA/IMAGES/2024/06/414.-ths-di-truyen-hoc-qd-4953.pdf,hus.vnu.edu.vn,vi,1558253,576efb86ec97c2011d434fd3c07e86b17fc5048ded608a9026b7a596ca42505e,True,Nguồn public truy cập không cần đăng nhập; chỉ dùng cho học tập/nghiên cứu.,2026-05-18T09:51:55.308473+00:00,warning,['pdf_sample_needs_ocr'],11,0
doc_6deb3995f3757e0b,421. TS Dong Vat Hoc QD 4900,421.-ts-dong-vat-hoc-qd-4900.pdf,pdf,.pdf,dao_tao,content,True,False,False,False,True,pdf/dao_tao/421.-ts-dong-vat-hoc-qd-4900.pdf,D:\DM\lumi\data\raw\pdf\dao_tao\421.-ts-dong-vat-hoc-qd-4900.pdf,https://hus.vnu.edu.vn/DATA/IMAGES/2024/06/421.-ts-dong-vat-hoc-qd-4900.pdf,hus.vnu.edu.vn,vi,2305762,bca3f258252ded51ed817ee475e6e64d6389385ccd91a11e762656c6786b4d0f,True,Nguồn public truy cập không cần đăng nhập; chỉ dùng cho học tập/nghiên cứu.,2026-05-18T09:51:55.311489+00:00,warning,['pdf_sample_needs_ocr'],15,0
doc_d3675c2bbd1305c1,422. TS Sinh Ly Hoc Nguoi Va Dong Vat QD 4901,422.-ts-sinh-ly-hoc-nguoi-va-dong-vat-qd-4901.pdf,pdf,.pdf,dao_tao,content,True,False,False,False,True,pdf/dao_tao/422.-ts-sinh-ly-hoc-nguoi-va-dong-vat-qd-4901.pdf,D:\DM\lumi\data\raw\pdf\dao_tao\422.-ts-sinh-ly-hoc-nguoi-va-dong-vat-qd-4901.pdf,https://hus.vnu.edu.vn/DATA/IMAGES/2024/06/422.-ts-sinh-ly-hoc-nguoi-va-dong-vat-qd-4901.pdf,hus.vnu.edu.vn,vi,2235061,7d2a50c5c61c837da83765630111153fa5bfffa193c564d0291c5d1a20f7434f,True,Nguồn public truy cập không cần đăng nhập; chỉ dùng cho học tập/nghiên cứu.,2026-05-18T09:51:55.314480+00:00,warning,['pdf_sample_needs_ocr'],14,0
doc_c944ba030e4aa4b8,423. TS Con Trung Hoc QD 4902,423.-ts-con-trung-hoc-qd-4902.pdf,pdf,.pdf,dao_tao,content,True,False,False,False,True,pdf/dao_tao/423.-ts-con-trung-hoc-qd-4902.pdf,D:\DM\lumi\data\raw\pdf\dao_tao\423.-ts-con-trung-hoc-qd-4902.pdf,https://hus.vnu.edu.vn/DATA/IMAGES/2024/06/423.-ts-con-trung-hoc-qd-4902.pdf,hus.vnu.edu.vn,vi,2167859,088a18fcb66adf95a7ba69ef515e2e591c57e5d55bbf063a743f39ced2360464,True,Nguồn public truy cập không cần đăng nhập; chỉ dùng cho học tập/nghiên cứu.,2026-05-18T09:51:55.317995+00:00,warning,['pdf_sample_needs_ocr'],14,0
doc_bbc6f5cdea41e459,424. TS Sinh Ly Hoc Thuc Vat QD 4903,424.-ts-sinh-ly-hoc-thuc-vat-qd-4903.pdf,pdf,.pdf,dao_tao,content,True,False,False,False,True,pdf/dao_tao/424.-ts-sinh-ly-hoc-thuc-vat-qd-4903.pdf,D:\DM\lumi\data\raw\pdf\dao_tao\424.-ts-sinh-ly-hoc-thuc-vat-qd-4903.pdf,https://hus.vnu.edu.vn/DATA/IMAGES/2024/06/424.-ts-sinh-ly-hoc-thuc-vat-qd-4903.pdf,hus.vnu.edu.vn,vi,2271322,2f5f4fe92137cb2cc752d459a3e3b01a641be04de1846dabd64dfb20259928d4,True,Nguồn public truy cập không cần đăng nhập; chỉ dùng cho học tập/nghiên cứu.,2026-05-18T09:51:55.321014+00:00,warning,['pdf_sample_needs_ocr'],14,0
doc_979caae0670b3ef6,425. TS Vi Sinh Vat Hoc QD 4904,425.-ts-vi-sinh-vat-hoc-qd-4904.pdf,pdf,.pdf,dao_tao,content,True,False,False,False,True,pdf/dao_tao/425.-ts-vi-sinh-vat-hoc-qd-4904.pdf,D:\DM\lumi\data\raw\pdf\dao_tao\425.-ts-vi-sinh-vat-hoc-qd-4904.pdf,https://hus.vnu.edu.vn/DATA/IMAGES/2024/06/425.-ts-vi-sinh-vat-hoc-qd-4904.pdf,hus.vnu.edu.vn,vi,2212926,1715824e8187e02c01052cf1aa6199778fffb96337671fe4caa72bbf7d5dfe72,True,Nguồn public truy cập không cần đăng nhập; chỉ dùng cho học tập/nghiên cứu.,2026-05-18T09:51:55.324439+00:00,warning,['pdf_sample_needs_ocr'],14,0
doc_0ead5ef438f3eefd,426. TS Thuc Vat Hoc QD 4905,426.-ts-thuc-vat-hoc-qd-4905.pdf,pdf,.pdf,dao_tao,content,True,False,False,False,True,pdf/dao_tao/426.-ts-thuc-vat-hoc-qd-4905.pdf,D:\DM\lumi\data\raw\pdf\dao_tao\426.-ts-thuc-vat-hoc-qd-4905.pdf,https://hus.vnu.edu.vn/DATA/IMAGES/2024/06/426.-ts-thuc-vat-hoc-qd-4905.pdf,hus.vnu.edu.vn,vi,2217881,b7eb29b33d6c1eb78e6a75984ebdfba833c30bb867cbad3e9e535addd240f790,True,Nguồn public truy cập không cần đăng nhập; chỉ dùng cho học tập/nghiên cứu.,2026-05-18T09:51:55.327242+00:00,warning,['pdf_sample_needs_ocr'],14,0
doc_c82703a5d96ec3a7,427.-ts-hoa-sinh-hoc-qd-4906.pdf,427.-ts-hoa-sinh-hoc-qd-4906.pdf,pdf,.pdf,dao_tao,content,True,False,False,False,True,pdf/dao_tao/427.-ts-hoa-sinh-hoc-qd-4906.pdf,D:\DM\lumi\data\raw\pdf\dao_tao\427.-ts-hoa-sinh-hoc-qd-4906.pdf,https://hus.vnu.edu.vn/DATA/IMAGES/2024/06/427.-ts-hoa-sinh-hoc-qd-4906.pdf,hus.vnu.edu.vn,vi,2143115,91d0f1394461efa1c5f2323287d5ee67a378c363a3f03dd04329640972f7ab6e,True,Nguồn public truy cập không cần đăng nhập; chỉ dùng cho học tập/nghiên cứu.,2026-05-18T09:51:55.330492+00:00,warning,['pdf_sample_needs_ocr'],13,0
doc_c221faad814e6b41,428. TS Di Truyen Hoc QD 4907,428.-ts-di-truyen-hoc-qd-4907.pdf,pdf,.pdf,dao_tao,content,True,False,False,False,True,pdf/dao_tao/428.-ts-di-truyen-hoc-qd-4907.pdf,D:\DM\lumi\data\raw\pdf\dao_tao\428.-ts-di-truyen-hoc-qd-4907.pdf,https://hus.vnu.edu.vn/DATA/IMAGES/2024/06/428.-ts-di-truyen-hoc-qd-4907.pdf,hus.vnu.edu.vn,vi,2208757,57e496cfebfb7eebc89007da30a75d0ef1b1738db6bd7fc913d2a1687a2a606a,True,Nguồn public truy cập không cần đăng nhập; chỉ dùng cho học tập/nghiên cứu.,2026-05-18T09:51:55.332368+00:00,warning,['pdf_sample_needs_ocr'],15,0
doc_097f6447381e08e9,511.-ths-dia-ly-qd-4920.pdf,511.-ths-dia-ly-qd-4920.pdf,pdf,.pdf,dao_tao,content,True,False,False,False,True,pdf/dao_tao/511.-ths-dia-ly-qd-4920.pdf,D:\DM\lumi\data\raw\pdf\dao_tao\511.-ths-dia-ly-qd-4920.pdf,https://hus.vnu.edu.vn/DATA/IMAGES/2024/06/511.-ths-dia-ly-qd-4920.pdf,hus.vnu.edu.vn,vi,2367991,6e6cbab5e1adc7db90f3be0d52d9a53325514d7168342fe0449041104871703e,True,Nguồn public truy cập không cần đăng nhập; chỉ dùng cho học tập/nghiên cứu.,2026-05-18T09:51:55.336470+00:00,warning,['pdf_sample_needs_ocr'],15,0
doc_20b0c667425170e2,512.-ths-ban-do-vien-tham-va-he-thong-tin-dia-ly-qd-4921.pdf,512.-ths-ban-do-vien-tham-va-he-thong-tin-dia-ly-qd-4921.pdf,pdf,.pdf,dao_tao,content,True,False,False,False,True,pdf/dao_tao/512.-ths-ban-do-vien-tham-va-he-thong-tin-dia-ly-qd-4921.pdf,D:\DM\lumi\data\raw\pdf\dao_tao\512.-ths-ban-do-vien-tham-va-he-thong-tin-dia-ly-qd-4921.pdf,https://hus.vnu.edu.vn/DATA/IMAGES/2024/06/512.-ths-ban-do-vien-tham-va-he-thong-tin-dia-ly-qd-4921.pdf,hus.vnu.edu.vn,vi,1720995,3251bb700799eda748b6530506bafe0889f970106571d30572809c461de3b244,True,Nguồn public truy cập không cần đăng nhập; chỉ dùng cho học tập/nghiên cứu.,2026-05-18T09:51:55.339468+00:00,warning,['pdf_sample_needs_ocr'],12,0
doc_58c716614502dd21,513.-ths-quan-ly-tai-nguyen-va-moi-truong-qd-4922.pdf,513.-ths-quan-ly-tai-nguyen-va-moi-truong-qd-4922.pdf,pdf,.pdf,dao_tao,content,True,False,False,False,True,pdf/dao_tao/513.-ths-quan-ly-tai-nguyen-va-moi-truong-qd-4922.pdf,D:\DM\lumi\data\raw\pdf\dao_tao\513.-ths-quan-ly-tai-nguyen-va-moi-truong-qd-4922.pdf,https://hus.vnu.edu.vn/DATA/IMAGES/2024/06/513.-ths-quan-ly-tai-nguyen-va-moi-truong-qd-4922.pdf,hus.vnu.edu.vn,vi,1981846,2dabc0fe1776bae3b3d94f22a7d221771a652f5f4ad732f3e443d163142979c8,True,Nguồn public truy cập không cần đăng nhập; chỉ dùng cho học tập/nghiên cứu.,2026-05-18T09:51:55.344982+00:00,warning,['pdf_sample_needs_ocr'],13,0
doc_af4b18657f8629ef,515.-ths-quan-ly-dat-dai-dinh-huong-ung-dung-qd-4924.pdf,515.-ths-quan-ly-dat-dai-dinh-huong-ung-dung-qd-4924.pdf,pdf,.pdf,dao_tao,content,True,False,False,False,True,pdf/dao_tao/515.-ths-quan-ly-dat-dai-dinh-huong-ung-dung-qd-4924.pdf,D:\DM\lumi\data\raw\pdf\dao_tao\515.-ths-quan-ly-dat-dai-dinh-huong-ung-dung-qd-4924.pdf,https://hus.vnu.edu.vn/DATA/IMAGES/2024/06/515.-ths-quan-ly-dat-dai-dinh-huong-ung-dung-qd-4924.pdf,hus.vnu.edu.vn,vi,1694077,72f515ec52f7e97dfcf224fe1f3e33862c919c13f70c97731879ffb50a338e21,True,Nguồn public truy cập không cần đăng nhập; chỉ dùng cho học tập/nghiên cứu.,2026-05-18T09:51:55.348074+00:00,warning,['pdf_sample_needs_ocr'],11,0
doc_7a3708693db5bf27,801. QD 3529 Cong Nghe Ki Thuat Moi Truong Final,801.-qd-3529-cong-nghe-ki-thuat-moi-truong-final.pdf,pdf,.pdf,dao_tao,content,True,False,False,False,True,pdf/dao_tao/801.-qd-3529-cong-nghe-ki-thuat-moi-truong-final.pdf,D:\DM\lumi\data\raw\pdf\dao_tao\801.-qd-3529-cong-nghe-ki-thuat-moi-truong-final.pdf,https://hus.vnu.edu.vn/DATA/IMAGES/2024/01/801.-qd-3529-cong-nghe-ki-thuat-moi-truong-final.pdf,hus.vnu.edu.vn,vi,2330274,a8dc1153bb321dd98b87b9ec0c7d8c3a1b8a5135bd003ef7d344dab66aeaac31,True,Nguồn public truy cập không cần đăng nhập; chỉ dùng cho học tập/nghiên cứu.,2026-05-18T09:51:55.351343+00:00,warning,['pdf_sample_needs_ocr'],16,0
doc_49a1a01f7432c68c,805.-moi-truong-suc-khoe-va-an-toan-final-qd-3533.pdf,805.-moi-truong-suc-khoe-va-an-toan-final-qd-3533.pdf,pdf,.pdf,dao_tao,content,True,False,False,False,True,pdf/dao_tao/805.-moi-truong-suc-khoe-va-an-toan-final-qd-3533.pdf,D:\DM\lumi\data\raw\pdf\dao_tao\805.-moi-truong-suc-khoe-va-an-toan-final-qd-3533.pdf,https://hus.vnu.edu.vn/DATA/IMAGES/2024/01/805.-moi-truong-suc-khoe-va-an-toan-final-qd-3533.pdf,hus.vnu.edu.vn,vi,2302570,707b1993f65b9454f7b7d9e0b6af23497615df4b4874013b9db7a0d0a9b9d168,True,Nguồn public truy cập không cần đăng nhập; chỉ dùng cho học tập/nghiên cứu.,2026-05-18T09:51:55.353344+00:00,warning,['pdf_sample_needs_ocr'],16,0
doc_8fc21f119ab21f5e,812.-ths-ky-thuat-moi-truong-qd-3578-1.pdf,812.-ths-ky-thuat-moi-truong-qd-3578-1.pdf,pdf,.pdf,dao_tao,content,True,False,False,False,True,pdf/dao_tao/812.-ths-ky-thuat-moi-truong-qd-3578-1.pdf,D:\DM\lumi\data\raw\pdf\dao_tao\812.-ths-ky-thuat-moi-truong-qd-3578-1.pdf,https://hus.vnu.edu.vn/DATA/IMAGES/2024/06/812.-ths-ky-thuat-moi-truong-qd-3578-1.pdf,hus.vnu.edu.vn,vi,1979342,11e39efe8f82b8ce26ed44af1bc140a3eaa04c86951c66cc3ac4e3ee6fe5404c,True,Nguồn public truy cập không cần đăng nhập; chỉ dùng cho học tập/nghiên cứu.,2026-05-18T09:51:55.356825+00:00,warning,['pdf_sample_needs_ocr'],13,0
doc_9959bf5343b2bbd4,813. THS Mtptbv Nc QD 3579,813.-ths-mtptbv-nc-qd-3579.pdf,pdf,.pdf,dao_tao,content,True,False,False,False,True,pdf/dao_tao/813.-ths-mtptbv-nc-qd-3579.pdf,D:\DM\lumi\data\raw\pdf\dao_tao\813.-ths-mtptbv-nc-qd-3579.pdf,https://hus.vnu.edu.vn/DATA/IMAGES/2024/06/813.-ths-mtptbv-nc-qd-3579.pdf,hus.vnu.edu.vn,vi,2014419,a87258dc202e6faf646cbec77d91ffec14463c092640cdea504278deaf8f78c4,True,Nguồn public truy cập không cần đăng nhập; chỉ dùng cho học tập/nghiên cứu.,2026-05-18T09:51:55.359336+00:00,warning,['pdf_sample_needs_ocr'],13,0
doc_b602fd2e5f82caa9,814. THS Mtptbv Ud QD 3580,814.-ths-mtptbv-ud-qd-3580.pdf,pdf,.pdf,dao_tao,content,True,False,False,False,True,pdf/dao_tao/814.-ths-mtptbv-ud-qd-3580.pdf,D:\DM\lumi\data\raw\pdf\dao_tao\814.-ths-mtptbv-ud-qd-3580.pdf,https://hus.vnu.edu.vn/DATA/IMAGES/2024/06/814.-ths-mtptbv-ud-qd-3580.pdf,hus.vnu.edu.vn,vi,2069062,ceff333b97809f1723204eb44366c3236dcdae2a6bb70daf3ee53f9084228d26,True,Nguồn public truy cập không cần đăng nhập; chỉ dùng cho học tập/nghiên cứu.,2026-05-18T09:51:55.361956+00:00,warning,['pdf_sample_needs_ocr'],14,0
doc_1783000e42c7ae73,821. TS Ky Thuat Moi Truong QD 3583,821.-ts-ky-thuat-moi-truong-qd-3583.pdf,pdf,.pdf,dao_tao,content,True,False,False,False,True,pdf/dao_tao/821.-ts-ky-thuat-moi-truong-qd-3583.pdf,D:\DM\lumi\data\raw\pdf\dao_tao\821.-ts-ky-thuat-moi-truong-qd-3583.pdf,https://hus.vnu.edu.vn/DATA/IMAGES/2024/06/821.-ts-ky-thuat-moi-truong-qd-3583.pdf,hus.vnu.edu.vn,vi,2935125,e5d05d98710dee4d475000c285b6dd914544ed92b9aa1a14e52b82ce5f5f0681,True,Nguồn public truy cập không cần đăng nhập; chỉ dùng cho học tập/nghiên cứu.,2026-05-18T09:51:55.365965+00:00,warning,['pdf_sample_needs_ocr'],19,0
doc_e4293a3e6b8ae463,822. TS Mtdn QD 3582,822.-ts-mtdn-qd-3582.pdf,pdf,.pdf,dao_tao,content,True,False,False,False,True,pdf/dao_tao/822.-ts-mtdn-qd-3582.pdf,D:\DM\lumi\data\raw\pdf\dao_tao\822.-ts-mtdn-qd-3582.pdf,https://hus.vnu.edu.vn/DATA/IMAGES/2024/06/822.-ts-mtdn-qd-3582.pdf,hus.vnu.edu.vn,vi,3220512,e0dac9bc0139198a18894800d8a658e8bc2d52acb622e39cbe0285a5e9452634,True,Nguồn public truy cập không cần đăng nhập; chỉ dùng cho học tập/nghiên cứu.,2026-05-18T09:51:55.368408+00:00,warning,['pdf_sample_needs_ocr'],21,0
doc_4f724423dcc8cc46,PTN Khoa học dữ liệu,1.ptn-khoa-hoc-du-lieu.pdf,pdf,.pdf,nghien_cuu,content,True,False,False,False,True,pdf/nghien_cuu/1.ptn-khoa-hoc-du-lieu.pdf,D:\DM\lumi\data\raw\pdf\nghien_cuu\1.ptn-khoa-hoc-du-lieu.pdf,https://hus.vnu.edu.vn/DATA/IMAGES/2020/06/1.ptn-khoa-hoc-du-lieu.pdf,hus.vnu.edu.vn,vi,188683,0d08a04b72f7583f63498010c408a71f01543f2b37767bfc8b3536b59d914b39,True,Nguồn public truy cập không cần đăng nhập; chỉ dùng cho học tập/nghiên cứu.,2026-05-18T09:51:55.414221+00:00,ok,[],2,1944
doc_c6b20b59ec627ad9,PTN Khoa học dữ liệu,10.ptn-khoa-hoc-du-lieu-chuyen-de.pdf,pdf,.pdf,nghien_cuu,content,True,False,False,False,True,pdf/nghien_cuu/10.ptn-khoa-hoc-du-lieu-chuyen-de.pdf,D:\DM\lumi\data\raw\pdf\nghien_cuu\10.ptn-khoa-hoc-du-lieu-chuyen-de.pdf,https://hus.vnu.edu.vn/DATA/IMAGES/2020/06/10.ptn-khoa-hoc-du-lieu-chuyen-de.pdf,hus.vnu.edu.vn,vi,188644,848e72a8baa8aab53a4387ec2a6ef071c0f3670a83cfd5ae6dc5050abdf2d329,True,Nguồn public truy cập không cần đăng nhập; chỉ dùng cho học tập/nghiên cứu.,2026-05-18T09:51:55.456363+00:00,ok,[],2,1938
doc_a2b520d1acf1ee0e,114.-ths-khoa-hoc-du-lieu-qd-4932-2.pdf,114.-ths-khoa-hoc-du-lieu-qd-4932-2.pdf,pdf,.pdf,nghien_cuu,content,True,False,False,False,True,pdf/nghien_cuu/114.-ths-khoa-hoc-du-lieu-qd-4932-2.pdf,D:\DM\lumi\data\raw\pdf\nghien_cuu\114.-ths-khoa-hoc-du-lieu-qd-4932-2.pdf,file:///D:/DM/lumi-ai-assistant/data/raw/pdf/2026-05-15/114.-ths-khoa-hoc-du-lieu-qd-4932-2.pdf,local_repo_docs,vi,1843246,85f9c38d683d62d39c03143f7ea57f186345ceab76026d46fb72c5eca8921258,True,Nguồn public truy cập không cần đăng nhập; chỉ dùng cho học tập/nghiên cứu.,2026-05-18T09:51:55.459171+00:00,warning,['pdf_sample_needs_ocr'],12,0
doc_fa199fcfb1b3c51e,PHIẾU CUNG CẤP THÔNG TIN,20.ptn-tinh-toan-trong-khoa-hoc-vat-lieu.pdf,pdf,.pdf,nghien_cuu,content,True,False,False,False,True,pdf/nghien_cuu/20.ptn-tinh-toan-trong-khoa-hoc-vat-lieu.pdf,D:\DM\lumi\data\raw\pdf\nghien_cuu\20.ptn-tinh-toan-trong-khoa-hoc-vat-lieu.pdf,https://hus.vnu.edu.vn/DATA/IMAGES/2020/06/20.ptn-tinh-toan-trong-khoa-hoc-vat-lieu.pdf,hus.vnu.edu.vn,vi,255122,0b23edbb556702a8e916aba7c8e27d3925d4b03ecb1dbc63900bc676585e738a,True,Nguồn public truy cập không cần đăng nhập; chỉ dùng cho học tập/nghiên cứu.,2026-05-18T09:51:55.490285+00:00,ok,[],1,1652
doc_e481553ab484987c,PTN Hóa môi trường,25.ptn-hoa-moi-truong.pdf,pdf,.pdf,nghien_cuu,content,True,False,False,False,True,pdf/nghien_cuu/25.ptn-hoa-moi-truong.pdf,D:\DM\lumi\data\raw\pdf\nghien_cuu\25.ptn-hoa-moi-truong.pdf,https://hus.vnu.edu.vn/DATA/IMAGES/2020/06/25.ptn-hoa-moi-truong.pdf,hus.vnu.edu.vn,vi,137701,70d26aa9aea0e64280fadda0941f1b8b5a69aa501260983c982f37ed1d5d95a1,True,Nguồn public truy cập không cần đăng nhập; chỉ dùng cho học tập/nghiên cứu.,2026-05-18T09:51:55.551080+00:00,ok,[],1,2719
doc_0979ae1384023dfd,PTN BM Hóa sinh và Sinh học phân tử,34.ptn-bm-hoa-sinh-va-sinh-hoc-phan-tu.pdf,pdf,.pdf,nghien_cuu,content,True,False,False,False,True,pdf/nghien_cuu/34.ptn-bm-hoa-sinh-va-sinh-hoc-phan-tu.pdf,D:\DM\lumi\data\raw\pdf\nghien_cuu\34.ptn-bm-hoa-sinh-va-sinh-hoc-phan-tu.pdf,https://hus.vnu.edu.vn/DATA/IMAGES/2020/06/34.ptn-bm-hoa-sinh-va-sinh-hoc-phan-tu.pdf,hus.vnu.edu.vn,vi,177004,8c21b495f8b538f95c2c4a4f3895ff2fe997a360603896c589a54df5959ae06e,True,Nguồn public truy cập không cần đăng nhập; chỉ dùng cho học tập/nghiên cứu.,2026-05-18T09:51:55.600437+00:00,ok,[],1,2393
doc_2bb6c350e066cb78,PTN BM Vi sinh vật học,35.ptn-bm-vi-sinh-vat-hoc.pdf,pdf,.pdf,nghien_cuu,content,True,False,False,False,True,pdf/nghien_cuu/35.ptn-bm-vi-sinh-vat-hoc.pdf,D:\DM\lumi\data\raw\pdf\nghien_cuu\35.ptn-bm-vi-sinh-vat-hoc.pdf,https://hus.vnu.edu.vn/DATA/IMAGES/2020/06/35.ptn-bm-vi-sinh-vat-hoc.pdf,hus.vnu.edu.vn,vi,137144,fb13c7e7ef5432b7737b2d584f75e78bd4eb4e6cfc3e72242356369395fad40c,True,Nguồn public truy cập không cần đăng nhập; chỉ dùng cho học tập/nghiên cứu.,2026-05-18T09:51:55.660579+00:00,ok,[],1,3172
doc_27937db90d2513b8,PTN BM Sinh học tế bào,37.ptn-bm-sinh-hoc-te-bao.pdf,pdf,.pdf,nghien_cuu,content,True,False,False,False,True,pdf/nghien_cuu/37.ptn-bm-sinh-hoc-te-bao.pdf,D:\DM\lumi\data\raw\pdf\nghien_cuu\37.ptn-bm-sinh-hoc-te-bao.pdf,https://hus.vnu.edu.vn/DATA/IMAGES/2020/06/37.ptn-bm-sinh-hoc-te-bao.pdf,hus.vnu.edu.vn,vi,135880,b8ae373303a740cfec72ff0fd8c25c2d4bb208c9e8211372f9800f18f570d86d,True,Nguồn public truy cập không cần đăng nhập; chỉ dùng cho học tập/nghiên cứu.,2026-05-18T09:51:55.713666+00:00,ok,[],2,2666
doc_2e5390faf7d3d7d1,PTN BM Sinh lý học và sinh học người,38.ptn-bm-sinh-ly-hoc-va-sinh-hoc-nguoi.pdf,pdf,.pdf,nghien_cuu,content,True,False,False,False,True,pdf/nghien_cuu/38.ptn-bm-sinh-ly-hoc-va-sinh-hoc-nguoi.pdf,D:\DM\lumi\data\raw\pdf\nghien_cuu\38.ptn-bm-sinh-ly-hoc-va-sinh-hoc-nguoi.pdf,https://hus.vnu.edu.vn/DATA/IMAGES/2020/06/38.ptn-bm-sinh-ly-hoc-va-sinh-hoc-nguoi.pdf,hus.vnu.edu.vn,vi,202088,6e2fc49a80135bf9d3db95b7d7e26f98d69550466f1b6f8abc244fb9d5e5caa6,True,Nguồn public truy cập không cần đăng nhập; chỉ dùng cho học tập/nghiên cứu.,2026-05-18T09:51:55.756103+00:00,ok,[],2,1911
doc_b6add370ea8061d4,PTN BM Sinh thái học,42.ptn-bm-sinh-thai-hoc.pdf,pdf,.pdf,nghien_cuu,content,True,False,False,False,True,pdf/nghien_cuu/42.ptn-bm-sinh-thai-hoc.pdf,D:\DM\lumi\data\raw\pdf\nghien_cuu\42.ptn-bm-sinh-thai-hoc.pdf,https://hus.vnu.edu.vn/DATA/IMAGES/2020/06/42.ptn-bm-sinh-thai-hoc.pdf,hus.vnu.edu.vn,vi,132928,8e90d7f5ca8980b3f70d505d72e96ce4bf19fcb7f4d828c01bcd98498f8aa3eb,True,Nguồn public truy cập không cần đăng nhập; chỉ dùng cho học tập/nghiên cứu.,2026-05-18T09:51:55.794068+00:00,ok,[],1,1918
doc_ff037e8e86c25f62,45.ptn-bm-dia-mao-va-dia-ly---moi-truong-bien.pdf,45.ptn-bm-dia-mao-va-dia-ly---moi-truong-bien.pdf,pdf,.pdf,nghien_cuu,content,True,False,False,False,True,pdf/nghien_cuu/45.ptn-bm-dia-mao-va-dia-ly---moi-truong-bien.pdf,D:\DM\lumi\data\raw\pdf\nghien_cuu\45.ptn-bm-dia-mao-va-dia-ly---moi-truong-bien.pdf,https://hus.vnu.edu.vn/DATA/IMAGES/2020/06/45.ptn-bm-dia-mao-va-dia-ly---moi-truong-bien.pdf,hus.vnu.edu.vn,vi,129778,84e2c4efdf411f3ed5957199ca37d1d6508588031a25014a2beb2462c9c9a455,True,Nguồn public truy cập không cần đăng nhập; chỉ dùng cho học tập/nghiên cứu.,2026-05-18T09:51:55.821730+00:00,ok,[],1,1433
doc_f4cc7a641855fb2b,46.ptn-bm-sinh-thai-canh-quan-va-moi-truong.pdf,46.ptn-bm-sinh-thai-canh-quan-va-moi-truong.pdf,pdf,.pdf,nghien_cuu,content,True,False,False,False,True,pdf/nghien_cuu/46.ptn-bm-sinh-thai-canh-quan-va-moi-truong.pdf,D:\DM\lumi\data\raw\pdf\nghien_cuu\46.ptn-bm-sinh-thai-canh-quan-va-moi-truong.pdf,https://hus.vnu.edu.vn/DATA/IMAGES/2020/06/46.ptn-bm-sinh-thai-canh-quan-va-moi-truong.pdf,hus.vnu.edu.vn,vi,129465,00e4e7b33fd602b12bba3168c3e68362bca9557a2d561f72155b20d6ac7b36b2,True,Nguồn public truy cập không cần đăng nhập; chỉ dùng cho học tập/nghiên cứu.,2026-05-18T09:51:55.860064+00:00,ok,[],1,1456
doc_4f83e9a0c238e73b,PTN BM Địa chất môi trường,50.ptn-bm-dia-chat-moi-truong.pdf,pdf,.pdf,nghien_cuu,content,True,False,False,False,True,pdf/nghien_cuu/50.ptn-bm-dia-chat-moi-truong.pdf,D:\DM\lumi\data\raw\pdf\nghien_cuu\50.ptn-bm-dia-chat-moi-truong.pdf,https://hus.vnu.edu.vn/DATA/IMAGES/2020/06/50.ptn-bm-dia-chat-moi-truong.pdf,hus.vnu.edu.vn,vi,170645,7387049b9fa0dbc54ed60342e1501adfb5ad3fdd1040269bb02b7b85bda71d4a,True,Nguồn public truy cập không cần đăng nhập; chỉ dùng cho học tập/nghiên cứu.,2026-05-18T09:51:55.881877+00:00,ok,[],1,1150
doc_ddfce9d7176994e1,514.-ths-quan-ly-dat-dai-dinh-huong-nghien-cuu-qd-4923.pdf,514.-ths-quan-ly-dat-dai-dinh-huong-nghien-cuu-qd-4923.pdf,pdf,.pdf,nghien_cuu,content,True,False,False,False,True,pdf/nghien_cuu/514.-ths-quan-ly-dat-dai-dinh-huong-nghien-cuu-qd-4923.pdf,D:\DM\lumi\data\raw\pdf\nghien_cuu\514.-ths-quan-ly-dat-dai-dinh-huong-nghien-cuu-qd-4923.pdf,https://hus.vnu.edu.vn/DATA/IMAGES/2024/06/514.-ths-quan-ly-dat-dai-dinh-huong-nghien-cuu-qd-4923.pdf,hus.vnu.edu.vn,vi,1678867,22b60dee34f5bbe31678c12d67cfc4d0db954cdd0ea8b539022f797041e26da8,True,Nguồn public truy cập không cần đăng nhập; chỉ dùng cho học tập/nghiên cứu.,2026-05-18T09:51:55.884874+00:00,warning,['pdf_sample_needs_ocr'],11,0
doc_4d89d86d9ef2a338,PHIẾU CUNG CẤP THÔNG TIN,58.ptn-bm-sinh-thai-moi-truong.pdf,pdf,.pdf,nghien_cuu,content,True,False,False,False,True,pdf/nghien_cuu/58.ptn-bm-sinh-thai-moi-truong.pdf,D:\DM\lumi\data\raw\pdf\nghien_cuu\58.ptn-bm-sinh-thai-moi-truong.pdf,https://hus.vnu.edu.vn/DATA/IMAGES/2020/06/58.ptn-bm-sinh-thai-moi-truong.pdf,hus.vnu.edu.vn,vi,129045,61e0afa00e71938fce7268a598dc4da24de9676ff3099bc317d6d449c085cb6a,True,Nguồn public truy cập không cần đăng nhập; chỉ dùng cho học tập/nghiên cứu.,2026-05-18T09:51:55.903873+00:00,ok,[],1,1984
doc_54e75e1c15cce58c,PHIẾU CUNG CẤP THÔNG TIN,59.ptn-khoa-hoc-dat-va-moi-truong.pdf,pdf,.pdf,nghien_cuu,content,True,False,False,False,True,pdf/nghien_cuu/59.ptn-khoa-hoc-dat-va-moi-truong.pdf,D:\DM\lumi\data\raw\pdf\nghien_cuu\59.ptn-khoa-hoc-dat-va-moi-truong.pdf,https://hus.vnu.edu.vn/DATA/IMAGES/2020/06/59.ptn-khoa-hoc-dat-va-moi-truong.pdf,hus.vnu.edu.vn,vi,130146,21b2cc15fae795974503e318e328b8ce5a3edf58b5d0fe7b561e5f8410adb1c2,True,Nguồn public truy cập không cần đăng nhập; chỉ dùng cho học tập/nghiên cứu.,2026-05-18T09:51:55.921264+00:00,ok,[],1,1625
doc_e960e4279565544a,PHIẾU CUNG CẤP THÔNG TIN,60.ptn-bm-cong-nghe-moi-truong.pdf,pdf,.pdf,nghien_cuu,content,True,False,False,False,True,pdf/nghien_cuu/60.ptn-bm-cong-nghe-moi-truong.pdf,D:\DM\lumi\data\raw\pdf\nghien_cuu\60.ptn-bm-cong-nghe-moi-truong.pdf,https://hus.vnu.edu.vn/DATA/IMAGES/2020/06/60.ptn-bm-cong-nghe-moi-truong.pdf,hus.vnu.edu.vn,vi,129556,c44ec774b5c50589594994c23f1d8c20f6ecd94b86e31f751b9f6a630325042d,True,Nguồn public truy cập không cần đăng nhập; chỉ dùng cho học tập/nghiên cứu.,2026-05-18T09:51:55.941874+00:00,ok,[],1,2143
doc_dc4ad348ae13317d,802.-khoa-hoc-moi-truong-final-qd-3530.pdf,802.-khoa-hoc-moi-truong-final-qd-3530.pdf,pdf,.pdf,nghien_cuu,content,True,False,False,False,True,pdf/nghien_cuu/802.-khoa-hoc-moi-truong-final-qd-3530.pdf,D:\DM\lumi\data\raw\pdf\nghien_cuu\802.-khoa-hoc-moi-truong-final-qd-3530.pdf,https://hus.vnu.edu.vn/DATA/IMAGES/2024/01/802.-khoa-hoc-moi-truong-final-qd-3530.pdf,hus.vnu.edu.vn,vi,2413511,d57ba74b17fab6e56a99d0864e50264cc658e49c6dd3aa1b17ce3be9ed1f3f07,True,Nguồn public truy cập không cần đăng nhập; chỉ dùng cho học tập/nghiên cứu.,2026-05-18T09:51:55.944907+00:00,warning,['pdf_sample_needs_ocr'],16,0
doc_7abf3b1e635b9975,803.-khoa-hoc-moi-truong-chat-luong-cao-final-qd-3531.pdf,803.-khoa-hoc-moi-truong-chat-luong-cao-final-qd-3531.pdf,pdf,.pdf,nghien_cuu,content,True,False,False,False,True,pdf/nghien_cuu/803.-khoa-hoc-moi-truong-chat-luong-cao-final-qd-3531.pdf,D:\DM\lumi\data\raw\pdf\nghien_cuu\803.-khoa-hoc-moi-truong-chat-luong-cao-final-qd-3531.pdf,https://hus.vnu.edu.vn/DATA/IMAGES/2024/01/803.-khoa-hoc-moi-truong-chat-luong-cao-final-qd-3531.pdf,hus.vnu.edu.vn,vi,2514687,874eade287393c610ac298a704aa397d79c6ee32d099782562f491dff08c981f,True,Nguồn public truy cập không cần đăng nhập; chỉ dùng cho học tập/nghiên cứu.,2026-05-18T09:51:55.947412+00:00,warning,['pdf_sample_needs_ocr'],17,0
doc_11b6b7ff4c60d538,804.-khoa-hoc-va-cong-nghe-thuc-pham-final-qd-3532.pdf,804.-khoa-hoc-va-cong-nghe-thuc-pham-final-qd-3532.pdf,pdf,.pdf,nghien_cuu,content,True,False,False,False,True,pdf/nghien_cuu/804.-khoa-hoc-va-cong-nghe-thuc-pham-final-qd-3532.pdf,D:\DM\lumi\data\raw\pdf\nghien_cuu\804.-khoa-hoc-va-cong-nghe-thuc-pham-final-qd-3532.pdf,https://hus.vnu.edu.vn/DATA/IMAGES/2024/01/804.-khoa-hoc-va-cong-nghe-thuc-pham-final-qd-3532.pdf,hus.vnu.edu.vn,vi,1997505,0c64ff3b6cc3de5b67a17c2504a581edf0733159cefccc3a645407f8bb86a63c,True,Nguồn public truy cập không cần đăng nhập; chỉ dùng cho học tập/nghiên cứu.,2026-05-18T09:51:55.951383+00:00,warning,['pdf_sample_needs_ocr'],14,0
doc_313fd08a10995868,811.-ths-khoa-hoc-moi-truong-qd-3577.pdf,811.-ths-khoa-hoc-moi-truong-qd-3577.pdf,pdf,.pdf,nghien_cuu,content,True,False,False,False,True,pdf/nghien_cuu/811.-ths-khoa-hoc-moi-truong-qd-3577.pdf,D:\DM\lumi\data\raw\pdf\nghien_cuu\811.-ths-khoa-hoc-moi-truong-qd-3577.pdf,https://hus.vnu.edu.vn/DATA/IMAGES/2024/06/811.-ths-khoa-hoc-moi-truong-qd-3577.pdf,hus.vnu.edu.vn,vi,1927382,80ec0b7d866104886e61ef1c046ad5e7cfc111bcbebe103c6f236e06ee55f67d,True,Nguồn public truy cập không cần đăng nhập; chỉ dùng cho học tập/nghiên cứu.,2026-05-18T09:51:55.953384+00:00,warning,['pdf_sample_needs_ocr'],13,0
doc_197f31fac0470332,823. TS Khoa Hoc Moi Truong QD 3581,823.-ts-khoa-hoc-moi-truong-qd-3581.pdf,pdf,.pdf,nghien_cuu,content,True,False,False,False,True,pdf/nghien_cuu/823.-ts-khoa-hoc-moi-truong-qd-3581.pdf,D:\DM\lumi\data\raw\pdf\nghien_cuu\823.-ts-khoa-hoc-moi-truong-qd-3581.pdf,https://hus.vnu.edu.vn/DATA/IMAGES/2024/06/823.-ts-khoa-hoc-moi-truong-qd-3581.pdf,hus.vnu.edu.vn,vi,3279826,ae6ed215902777ca545725f537ebb6c421639795169b7d9594a39f1f4624ec31,True,Nguồn public truy cập không cần đăng nhập; chỉ dùng cho học tập/nghiên cứu.,2026-05-18T09:51:55.957066+00:00,warning,['pdf_sample_needs_ocr'],21,0
doc_2adf7a32a89ba8a9,02.hd-nop-hoc-phi-qua-ma-dinh-danh.pdf,02.hd-nop-hoc-phi-qua-ma-dinh-danh.pdf,pdf,.pdf,sinh_vien,content,True,False,False,False,True,pdf/sinh_vien/02.hd-nop-hoc-phi-qua-ma-dinh-danh.pdf,D:\DM\lumi\data\raw\pdf\sinh_vien\02.hd-nop-hoc-phi-qua-ma-dinh-danh.pdf,https://hus.vnu.edu.vn/DATA/IMAGES/2025/08/02.hd-nop-hoc-phi-qua-ma-dinh-danh.pdf,hus.vnu.edu.vn,vi,310166,eeee13f52348a285a0410f84fb989a16f262d3ed89aafa10a10d60b00be6a9ff,True,Nguồn public truy cập không cần đăng nhập; chỉ dùng cho học tập/nghiên cứu.,2026-05-18T09:51:55.981281+00:00,ok,[],2,846
doc_f27d1177454e0e03,céng hoµ,03.mau-ly-lich-2025_k70.pdf,pdf,.pdf,sinh_vien,content,True,False,False,False,True,pdf/sinh_vien/03.mau-ly-lich-2025_k70.pdf,D:\DM\lumi\data\raw\pdf\sinh_vien\03.mau-ly-lich-2025_k70.pdf,https://hus.vnu.edu.vn/DATA/IMAGES/2025/08/03.mau-ly-lich-2025_k70.pdf,hus.vnu.edu.vn,vi,214338,dc6099aeed1518a021952c920498917b155d106d9cf9bcd09de2b5050c460b05,True,Nguồn public truy cập không cần đăng nhập; chỉ dùng cho học tập/nghiên cứu.,2026-05-18T09:51:56.035851+00:00,warning,['pdf_text_truncated'],2,4392
doc_9cdaca3968c36aed,th«ng b¸o cña ban qun lý ký tóc x¸ MÔ tr×,04.-huong-dan-sv-dang-ki-ktx.pdf,pdf,.pdf,sinh_vien,content,True,False,False,False,True,pdf/sinh_vien/04.-huong-dan-sv-dang-ki-ktx.pdf,D:\DM\lumi\data\raw\pdf\sinh_vien\04.-huong-dan-sv-dang-ki-ktx.pdf,https://hus.vnu.edu.vn/DATA/IMAGES/2025/08/04.-huong-dan-sv-dang-ki-ktx.pdf,hus.vnu.edu.vn,vi,1761990,a3a000be48e862d807ba8254fd29273b2e987566b0e7526a6c3e01975ce33b88,True,Nguồn public truy cập không cần đăng nhập; chỉ dùng cho học tập/nghiên cứu.,2026-05-18T09:51:56.044989+00:00,warning,['pdf_sample_needs_ocr'],9,25
doc_eb6fcd22eb292cf9,Phòng thực hành Hóa sinh và Sinh học phân tử,4.phong-thuc-hanh-hoa-sinh-va-sinh-hoc-phan-tu.pdf,pdf,.pdf,thong_tin_chung,content,True,False,False,False,True,pdf/thong_tin_chung/4.phong-thuc-hanh-hoa-sinh-va-sinh-hoc-phan-tu.pdf,D:\DM\lumi\data\raw\pdf\thong_tin_chung\4.phong-thuc-hanh-hoa-sinh-va-sinh-hoc-phan-tu.pdf,https://hus.vnu.edu.vn/DATA/IMAGES/2020/06/4.phong-thuc-hanh-hoa-sinh-va-sinh-hoc-phan-tu.pdf,hus.vnu.edu.vn,vi,135763,89df4f1b6a803be2540884aafeed2f60ae6fc5917adaab24f758e213a94e9fd6,True,Nguồn public truy cập không cần đăng nhập; chỉ dùng cho học tập/nghiên cứu.,2026-05-18T09:51:56.083877+00:00,ok,[],1,2158
doc_ce936c517a48b0c6,Phòng thực hành Sinh học Tế bào,5.phong-thuc-hanh-sinh-hoc-te-bao.pdf,pdf,.pdf,thong_tin_chung,content,True,False,False,False,True,pdf/thong_tin_chung/5.phong-thuc-hanh-sinh-hoc-te-bao.pdf,D:\DM\lumi\data\raw\pdf\thong_tin_chung\5.phong-thuc-hanh-sinh-hoc-te-bao.pdf,https://hus.vnu.edu.vn/DATA/IMAGES/2020/06/5.phong-thuc-hanh-sinh-hoc-te-bao.pdf,hus.vnu.edu.vn,vi,132578,3b07472f8f196460edab593e1588e4fe6ac2627584d462ebd51cbbaa5d91fa19,True,Nguồn public truy cập không cần đăng nhập; chỉ dùng cho học tập/nghiên cứu.,2026-05-18T09:51:56.125349+00:00,ok,[],1,2035
doc_40ca65b6591f163f,TT Công nghệ Môi trường và Phát triển bền vững,66.tt-cong-nghe-moi-truong-va-phat-trien-ben-vung.pdf,pdf,.pdf,thong_tin_chung,content,True,False,False,False,True,pdf/thong_tin_chung/66.tt-cong-nghe-moi-truong-va-phat-trien-ben-vung.pdf,D:\DM\lumi\data\raw\pdf\thong_tin_chung\66.tt-cong-nghe-moi-truong-va-phat-trien-ben-vung.pdf,https://hus.vnu.edu.vn/DATA/IMAGES/2020/06/66.tt-cong-nghe-moi-truong-va-phat-trien-ben-vung.pdf,hus.vnu.edu.vn,vi,220010,8c78dc0ca0e68894222c4e83c9a99d16c76494e581bc4d2a8b46090a9636cd8b,True,Nguồn public truy cập không cần đăng nhập; chỉ dùng cho học tập/nghiên cứu.,2026-05-18T09:51:56.185241+00:00,ok,[],2,3343
doc_9abc1321972ceb97,Phòng thực hành Đa dạng sinh học,7.phong-thuc-hanh-da-dang-sinh-hoc.pdf,pdf,.pdf,thong_tin_chung,content,True,False,False,False,True,pdf/thong_tin_chung/7.phong-thuc-hanh-da-dang-sinh-hoc.pdf,D:\DM\lumi\data\raw\pdf\thong_tin_chung\7.phong-thuc-hanh-da-dang-sinh-hoc.pdf,https://hus.vnu.edu.vn/DATA/IMAGES/2020/06/7.phong-thuc-hanh-da-dang-sinh-hoc.pdf,hus.vnu.edu.vn,vi,174141,1a2458676662b891b45bafdc14779e8fab84d786b5ff5696fea3fb8bcd676cf4,True,Nguồn public truy cập không cần đăng nhập; chỉ dùng cho học tập/nghiên cứu.,2026-05-18T09:51:56.221625+00:00,ok,[],1,1601
doc_3a44e903a43fcca4,Bảo tàng sinh học,8.bao-tang-sinh-hoc.pdf,pdf,.pdf,thong_tin_chung,content,True,False,False,False,True,pdf/thong_tin_chung/8.bao-tang-sinh-hoc.pdf,D:\DM\lumi\data\raw\pdf\thong_tin_chung\8.bao-tang-sinh-hoc.pdf,https://hus.vnu.edu.vn/DATA/IMAGES/2020/06/8.bao-tang-sinh-hoc.pdf,hus.vnu.edu.vn,vi,133262,a186dc34036743b8fb0dae91294ca62c5ef9a6137010d54c9f135153051731e7,True,Nguồn public truy cập không cần đăng nhập; chỉ dùng cho học tập/nghiên cứu.,2026-05-18T09:51:56.269010+00:00,ok,[],1,1801
doc_5e6f04ae23f70521,Thong bao xet tuyen CTDB,1.tb_xt-vao-ctdt-dac-biet_2025_len-website.pdf,pdf,.pdf,tuyen_sinh,content,True,False,False,False,True,pdf/tuyen_sinh/1.tb_xt-vao-ctdt-dac-biet_2025_len-website.pdf,D:\DM\lumi\data\raw\pdf\tuyen_sinh\1.tb_xt-vao-ctdt-dac-biet_2025_len-website.pdf,https://tuyensinh.hus.vnu.edu.vn/DATA/TUYENSINH/IMAGES/2025/08/1.tb_xt-vao-ctdt-dac-biet_2025_len-website.pdf,tuyensinh.hus.vnu.edu.vn,vi,274134,58771b008af5205dce01f5644ea512ec32e50af9d631c876ca53bed0f4cca1f5,True,Nguồn public truy cập không cần đăng nhập; chỉ dùng cho học tập/nghiên cứu.,2026-05-18T09:51:56.326802+00:00,ok,[],5,2175
doc_03d3136fa3ce9f54,PHIẾU CUNG CẤP THÔNG TIN,17.ptn-bm-vat-ly-vo-tuyen-va-dien-tu.pdf,pdf,.pdf,tuyen_sinh,content,True,False,False,False,True,pdf/tuyen_sinh/17.ptn-bm-vat-ly-vo-tuyen-va-dien-tu.pdf,D:\DM\lumi\data\raw\pdf\tuyen_sinh\17.ptn-bm-vat-ly-vo-tuyen-va-dien-tu.pdf,https://hus.vnu.edu.vn/DATA/IMAGES/2020/06/17.ptn-bm-vat-ly-vo-tuyen-va-dien-tu.pdf,hus.vnu.edu.vn,vi,183801,d4f3898d4e3f9d8504ac43a554b90540aec9db6d17ab4bd3b05dfafb0336eb2d,True,Nguồn public truy cập không cần đăng nhập; chỉ dùng cho học tập/nghiên cứu.,2026-05-18T09:51:56.389247+00:00,ok,[],1,3316
doc_bb5f6de742320fd4,223. TS Vo Tuyen Va Dien Tu QD 4945,223.-ts-vo-tuyen-va-dien-tu-qd-4945.pdf,pdf,.pdf,tuyen_sinh,content,True,False,False,False,True,pdf/tuyen_sinh/223.-ts-vo-tuyen-va-dien-tu-qd-4945.pdf,D:\DM\lumi\data\raw\pdf\tuyen_sinh\223.-ts-vo-tuyen-va-dien-tu-qd-4945.pdf,https://hus.vnu.edu.vn/DATA/IMAGES/2024/06/223.-ts-vo-tuyen-va-dien-tu-qd-4945.pdf,hus.vnu.edu.vn,vi,2593626,42694675b0b4261c0022939e96f0bc7451c04520300bd33b73ef76b2313c8a9b,True,Nguồn public truy cập không cần đăng nhập; chỉ dùng cho học tập/nghiên cứu.,2026-05-18T09:51:56.392474+00:00,warning,['pdf_sample_needs_ocr'],17,0
doc_2b81306bea56930a,9.1.26-chi-tiet-du-thao_dang-cong-tuyen-sinh-1-edit.pdf,9.1.26-chi-tiet-du-thao_dang-cong-tuyen-sinh-1-edit.pdf,pdf,.pdf,tuyen_sinh,content,True,False,False,False,True,pdf/tuyen_sinh/9.1.26-chi-tiet-du-thao_dang-cong-tuyen-sinh-1-edit.pdf,D:\DM\lumi\data\raw\pdf\tuyen_sinh\9.1.26-chi-tiet-du-thao_dang-cong-tuyen-sinh-1-edit.pdf,https://tuyensinh.hus.vnu.edu.vn/DATA/TUYENSINH/IMAGES/2026/03/9.1.26-chi-tiet-du-thao_dang-cong-tuyen-sinh-1-edit.pdf,tuyensinh.hus.vnu.edu.vn,vi,334200,3daa8575092b510f722818e3e262c7c6a6d152d3603c07c492bdd7efb204a51a,True,Nguồn public truy cập không cần đăng nhập; chỉ dùng cho học tập/nghiên cứu.,2026-05-18T09:51:56.431836+00:00,ok,[],9,1736
doc_3364c905e9defa6e,danh-sach-trung-tuyen_ctdb_2025-final.pdf,danh-sach-trung-tuyen_ctdb_2025-final.pdf,pdf,.pdf,tuyen_sinh,content,True,False,False,False,True,pdf/tuyen_sinh/danh-sach-trung-tuyen_ctdb_2025-final.pdf,D:\DM\lumi\data\raw\pdf\tuyen_sinh\danh-sach-trung-tuyen_ctdb_2025-final.pdf,https://hus.vnu.edu.vn/DATA/IMAGES/2025/09/danh-sach-trung-tuyen_ctdb_2025-final.pdf,hus.vnu.edu.vn,vi,196225,8465a25d56edc38becae5fd91c56ba8d7c95fe77a70613c03f9268d8f45246c0,True,Nguồn public truy cập không cần đăng nhập; chỉ dùng cho học tập/nghiên cứu.,2026-05-18T09:51:56.477175+00:00,ok,[],5,1816
doc_57251c5572841d5f,huong-dan-thi-sinh-dang-ky-xet-tuyen-2025-14.06.2025-final.pdf,huong-dan-thi-sinh-dang-ky-xet-tuyen-2025-14.06.2025-final.pdf,pdf,.pdf,tuyen_sinh,content,True,False,False,False,True,pdf/tuyen_sinh/huong-dan-thi-sinh-dang-ky-xet-tuyen-2025-14.06.2025-final.pdf,D:\DM\lumi\data\raw\pdf\tuyen_sinh\huong-dan-thi-sinh-dang-ky-xet-tuyen-2025-14.06.2025-final.pdf,https://tuyensinh.hus.vnu.edu.vn/DATA/TUYENSINH/IMAGES/2025/06/huong-dan-thi-sinh-dang-ky-xet-tuyen-2025-14.06.2025-final.pdf,tuyensinh.hus.vnu.edu.vn,vi,692452,4eed627590d6fae06fbf3ec76e586154b0ca14ca27aada38460c65ce30ccde35,True,Nguồn public truy cập không cần đăng nhập; chỉ dùng cho học tập/nghiên cứu.,2026-05-18T09:51:56.519650+00:00,ok,[],5,1080
doc_03604762ab0bc2ed,thong-bao-gia-han-dang-ky-xet-tuyen-truc-tuyen-vao-dhcq-nam-2025.pdf,thong-bao-gia-han-dang-ky-xet-tuyen-truc-tuyen-vao-dhcq-nam-2025.pdf,pdf,.pdf,tuyen_sinh,content,True,False,False,False,True,pdf/tuyen_sinh/thong-bao-gia-han-dang-ky-xet-tuyen-truc-tuyen-vao-dhcq-nam-2025.pdf,D:\DM\lumi\data\raw\pdf\tuyen_sinh\thong-bao-gia-han-dang-ky-xet-tuyen-truc-tuyen-vao-dhcq-nam-2025.pdf,https://tuyensinh.hus.vnu.edu.vn/DATA/TUYENSINH/IMAGES/2025/06/thong-bao-gia-han-dang-ky-xet-tuyen-truc-tuyen-vao-dhcq-nam-2025.pdf,tuyensinh.hus.vnu.edu.vn,vi,380990,9157d107ca37734ed7dc614b7f8d48ae47163813bedac82d83a5837cb3008ed4,True,Nguồn public truy cập không cần đăng nhập; chỉ dùng cho học tập/nghiên cứu.,2026-05-18T09:51:56.564174+00:00,ok,[],1,1277
doc_6e609499b9bff67d,collected_sources,collected_sources.json,json,.json,khac,manifest,False,True,False,False,True,source_lists/collected_sources.json,D:\DM\lumi\data\raw\source_lists\collected_sources.json,,,vi,83312,1824a72cc59f840511da74d2d466d09f70f4d7ee122e3eb533b5f83f3147a96d,True,public/local educational dataset,2026-05-18T09:51:56.565738+00:00,ok,[],0,2709
doc_b494b867eaefa98a,collection_skipped,collection_skipped.json,json,.json,khac,manifest,False,True,False,False,True,source_lists/collection_skipped.json,D:\DM\lumi\data\raw\source_lists\collection_skipped.json,,,vi,1587,c621863154154d9ea27c3585d6751e5af13ac47c48aeee71ed56dcbaea58b2a8,True,public/local educational dataset,2026-05-18T09:51:56.566784+00:00,ok,[],0,696
doc_2f2f5ce738e793ef,pdf_links_discovered,pdf_links_discovered.json,json,.json,khac,manifest,False,True,False,False,True,source_lists/pdf_links_discovered.json,D:\DM\lumi\data\raw\source_lists\pdf_links_discovered.json,,,vi,39307,b26254d3467b68b70a68a291101d8e8f9994feaa3c819760088332cf208a6efc,True,public/local educational dataset,2026-05-18T09:51:56.567255+00:00,ok,[],0,1123
doc_83cf3bbc03af0828,source_urls,source_urls.txt,txt,.txt,khac,content,True,False,False,False,True,source_lists/source_urls.txt,D:\DM\lumi\data\raw\source_lists\source_urls.txt,,,vi,9096,16616ac077460bc8095b32ce3b20c54b364d1e49f29353c59ae641f7b4b13ded,True,public/local educational dataset,2026-05-18T09:51:56.567255+00:00,ok,[],0,9096
doc_932a2f84a1cd6933,45.ptn-bm-dia-mao-va-dia-ly---moi-truong-bien.pdf,doc_027fa3f614398a4fa239.txt,txt,.txt,nghien_cuu,content,True,False,False,False,True,text/parsed_public_pages/doc_027fa3f614398a4fa239.txt,D:\DM\lumi\data\raw\text\parsed_public_pages\doc_027fa3f614398a4fa239.txt,https://hus.vnu.edu.vn/DATA/IMAGES/2020/06/45.ptn-bm-dia-mao-va-dia-ly---moi-truong-bien.pdf,hus.vnu.edu.vn,vi,1817,0cafa3f39a6fff518984dd8c180d1200cc45b853c8d412cd0ef7a8e4bf3a235a,True,Nguồn public truy cập không cần đăng nhập; chỉ dùng cho học tập/nghiên cứu.,2026-05-18T09:51:56.567255+00:00,ok,[],0,1416
doc_9e2a338183ca30f9,Sứ mạng - Tầm nhìn,doc_0694e882d8c90da1f786.txt,txt,.txt,thong_tin_chung,content,True,False,False,False,True,text/parsed_public_pages/doc_0694e882d8c90da1f786.txt,D:\DM\lumi\data\raw\text\parsed_public_pages\doc_0694e882d8c90da1f786.txt,https://hus.vnu.edu.vn/gioi-thieu/su-menh-tam-nhin,hus.vnu.edu.vn,vi,1532,2f70dc2499a9bafcad297c26e6669168b5d8d897a12b73298c3e2037101b0eb8,True,Nguồn public truy cập không cần đăng nhập; chỉ dùng cho học tập/nghiên cứu.,2026-05-18T09:51:56.567255+00:00,ok,[],0,1146
doc_9d0e41add19b19e7,Phòng thí nghiệm Trọng điểm,doc_0b509214e7de656c05fe.txt,txt,.txt,nghien_cuu,content,True,False,False,False,True,text/parsed_public_pages/doc_0b509214e7de656c05fe.txt,D:\DM\lumi\data\raw\text\parsed_public_pages\doc_0b509214e7de656c05fe.txt,https://hus.vnu.edu.vn/gioi-thieu/co-cau-to-chuc/phong-thi-nghiem-trong-diem,hus.vnu.edu.vn,vi,1463,b2f1fe1d8d036d493faf4cb70fe46a11a3bab6d787d2a0f344cba39fbea9f940,True,Nguồn public truy cập không cần đăng nhập; chỉ dùng cho học tập/nghiên cứu.,2026-05-18T09:51:56.568302+00:00,ok,[],0,1122
doc_8b0f5eb2f2a078d1,Lịch sử phát triển,doc_1c656e876adff872c6d1.txt,txt,.txt,thong_tin_chung,content,True,False,False,False,True,text/parsed_public_pages/doc_1c656e876adff872c6d1.txt,D:\DM\lumi\data\raw\text\parsed_public_pages\doc_1c656e876adff872c6d1.txt,https://hus.vnu.edu.vn/gioi-thieu/lich-su-phat-trien,hus.vnu.edu.vn,vi,52569,210dd019616ad858f95a00e7cf98a9377ba1e92296c5ad37dcfa6bd5b0611ac9,True,Nguồn public truy cập không cần đăng nhập; chỉ dùng cho học tập/nghiên cứu.,2026-05-18T09:51:56.568302+00:00,warning,['possible_mojibake'],0,20000
doc_df7f910ce7c266c4,danh-sach-trung-tuyen_ctdb_2025-final.pdf,doc_1f902284aaa372b66942.txt,txt,.txt,tuyen_sinh,content,True,False,False,False,True,text/parsed_public_pages/doc_1f902284aaa372b66942.txt,D:\DM\lumi\data\raw\text\parsed_public_pages\doc_1f902284aaa372b66942.txt,https://hus.vnu.edu.vn/DATA/IMAGES/2025/09/danh-sach-trung-tuyen_ctdb_2025-final.pdf,hus.vnu.edu.vn,vi,11072,8769bdea03e2782961e4a668157cd421a060db38841a10cb80c1747f026887f1,True,Nguồn public truy cập không cần đăng nhập; chỉ dùng cho học tập/nghiên cứu.,2026-05-18T09:51:56.568302+00:00,ok,[],0,9399
doc_05c09de7a985c442,Giới thiệu chung,doc_27e30d3d9376b10d2e06.txt,txt,.txt,dao_tao,content,True,False,False,False,True,text/parsed_public_pages/doc_27e30d3d9376b10d2e06.txt,D:\DM\lumi\data\raw\text\parsed_public_pages\doc_27e30d3d9376b10d2e06.txt,https://hus.vnu.edu.vn/dao-tao/gioi-thieu-chung,hus.vnu.edu.vn,vi,4529,510f6c5e1be5c211177089501c7d65deab686bb495e7450c9d6e38a78c30fa30,True,Nguồn public truy cập không cần đăng nhập; chỉ dùng cho học tập/nghiên cứu.,2026-05-18T09:51:56.568302+00:00,ok,[],0,3371
doc_3c0a59333b46e82a,46.ptn-bm-sinh-thai-canh-quan-va-moi-truong.pdf,doc_30ae6e60094d7daffed1.txt,txt,.txt,nghien_cuu,content,True,False,False,False,True,text/parsed_public_pages/doc_30ae6e60094d7daffed1.txt,D:\DM\lumi\data\raw\text\parsed_public_pages\doc_30ae6e60094d7daffed1.txt,https://hus.vnu.edu.vn/DATA/IMAGES/2020/06/46.ptn-bm-sinh-thai-canh-quan-va-moi-truong.pdf,hus.vnu.edu.vn,vi,1854,0bbd68c3bb84f1bcf7c0ab5653a1ab1fac28b61d7556be593c4aa596dbb412a5,True,Nguồn public truy cập không cần đăng nhập; chỉ dùng cho học tập/nghiên cứu.,2026-05-18T09:51:56.568302+00:00,ok,[],0,1439
doc_6db472e90bd588d7,"Quy chế, quy định",doc_3661b5a22a8294fec8bf.txt,txt,.txt,quy_che,content,True,False,False,False,True,text/parsed_public_pages/doc_3661b5a22a8294fec8bf.txt,D:\DM\lumi\data\raw\text\parsed_public_pages\doc_3661b5a22a8294fec8bf.txt,https://hus.vnu.edu.vn/hoc-sinh-sinh-vien/quy-che-quy-dinh,hus.vnu.edu.vn,vi,2288,014c88547cb0c95509c4b2ca2c5fec8a22732b767b6e37f0e0e220f671a3a350,True,Nguồn public truy cập không cần đăng nhập; chỉ dùng cho học tập/nghiên cứu.,2026-05-18T09:51:56.569301+00:00,ok,[],0,1710
doc_bc222c2efc2fc178,thong-bao-gia-han-dang-ky-xet-tuyen-truc-tuyen-vao-dhcq-nam-2025.pdf,doc_43723f892a1e4bafbf78.txt,txt,.txt,tuyen_sinh,content,True,False,False,False,True,text/parsed_public_pages/doc_43723f892a1e4bafbf78.txt,D:\DM\lumi\data\raw\text\parsed_public_pages\doc_43723f892a1e4bafbf78.txt,https://tuyensinh.hus.vnu.edu.vn/DATA/TUYENSINH/IMAGES/2025/06/thong-bao-gia-han-dang-ky-xet-tuyen-truc-tuyen-vao-dhcq-nam-2025.pdf,tuyensinh.hus.vnu.edu.vn,vi,1604,772be4931d04a358905000357e47c61ac292add6a929310d24cc902e112d1535,True,Nguồn public truy cập không cần đăng nhập; chỉ dùng cho học tập/nghiên cứu.,2026-05-18T09:51:56.569301+00:00,ok,[],0,1254
doc_b2f4acc18e9c78b9,9.1.26-chi-tiet-du-thao_dang-cong-tuyen-sinh-1-edit.pdf,doc_44255159780aab8e1475.txt,txt,.txt,tuyen_sinh,content,True,False,False,False,True,text/parsed_public_pages/doc_44255159780aab8e1475.txt,D:\DM\lumi\data\raw\text\parsed_public_pages\doc_44255159780aab8e1475.txt,https://tuyensinh.hus.vnu.edu.vn/DATA/TUYENSINH/IMAGES/2026/03/9.1.26-chi-tiet-du-thao_dang-cong-tuyen-sinh-1-edit.pdf,tuyensinh.hus.vnu.edu.vn,vi,17591,c280e1ff6c6597fc1275f56d18dae056f32f949487c0a8842e05520462b9872a,True,Nguồn public truy cập không cần đăng nhập; chỉ dùng cho học tập/nghiên cứu.,2026-05-18T09:51:56.569301+00:00,ok,[],0,13888
doc_d1d73e971dffd9b9,Khoa học Trái đất - Tài nguyên & Môi trường,doc_475f3c55a3d67b8ffe9e.txt,txt,.txt,nghien_cuu,content,True,False,False,False,True,text/parsed_public_pages/doc_475f3c55a3d67b8ffe9e.txt,D:\DM\lumi\data\raw\text\parsed_public_pages\doc_475f3c55a3d67b8ffe9e.txt,https://hus.vnu.edu.vn/dao-tao/sau-dai-hoc/khoa-hoc-trai-dat-va-tai-nguyen-moi-truong,hus.vnu.edu.vn,vi,1249,f9806fc5cf30fb0b0a1673dc421446103dab06c8c578ba93ce11ce09c7521c89,True,Nguồn public truy cập không cần đăng nhập; chỉ dùng cho học tập/nghiên cứu.,2026-05-18T09:51:56.569301+00:00,ok,[],0,914
doc_3a17c3a9201ed37e,Chiến lược phát triển,doc_55c22d2ace9a76d05488.txt,txt,.txt,thong_tin_chung,content,True,False,False,False,True,text/parsed_public_pages/doc_55c22d2ace9a76d05488.txt,D:\DM\lumi\data\raw\text\parsed_public_pages\doc_55c22d2ace9a76d05488.txt,https://hus.vnu.edu.vn/gioi-thieu/chien-luoc-phat-trien,hus.vnu.edu.vn,vi,43191,2dbf1a5b9d084409fc4b8add6e408cd0aa311b06efc2c69fffc83dfd4045fc26,True,Nguồn public truy cập không cần đăng nhập; chỉ dùng cho học tập/nghiên cứu.,2026-05-18T09:51:56.570302+00:00,ok,[],0,20000
doc_521fe01ebdc9fdbb,Bậc đại học,doc_58dfc017a9ba74e47238.txt,txt,.txt,dao_tao,content,True,False,False,False,True,text/parsed_public_pages/doc_58dfc017a9ba74e47238.txt,D:\DM\lumi\data\raw\text\parsed_public_pages\doc_58dfc017a9ba74e47238.txt,https://hus.vnu.edu.vn/dao-tao/bac-dai-hoc/vat-ly,hus.vnu.edu.vn,vi,48138,38e000920ba4ef6458c859b86a16208e6dad5e0383c444bd6a13b68d11eb1230,True,Nguồn public truy cập không cần đăng nhập; chỉ dùng cho học tập/nghiên cứu.,2026-05-18T09:51:56.570302+00:00,ok,[],0,20000
doc_8fec21d106249732,PHIẾU CUNG CẤP THÔNG TIN,doc_592a1e17021dd580e158.txt,txt,.txt,nghien_cuu,content,True,False,False,False,True,text/parsed_public_pages/doc_592a1e17021dd580e158.txt,D:\DM\lumi\data\raw\text\parsed_public_pages\doc_592a1e17021dd580e158.txt,https://hus.vnu.edu.vn/DATA/IMAGES/2020/06/58.ptn-bm-sinh-thai-moi-truong.pdf,hus.vnu.edu.vn,vi,2485,3b176f9b80e2617ef133a9666992a000a9554028b7fc17ef37dcb288205a1cf8,True,Nguồn public truy cập không cần đăng nhập; chỉ dùng cho học tập/nghiên cứu.,2026-05-18T09:51:56.570302+00:00,ok,[],0,1965
doc_16a4fc64bea7d373,Lời chào mừng,doc_7653afc915a108d40634.txt,txt,.txt,thong_tin_chung,content,True,False,False,False,True,text/parsed_public_pages/doc_7653afc915a108d40634.txt,D:\DM\lumi\data\raw\text\parsed_public_pages\doc_7653afc915a108d40634.txt,https://hus.vnu.edu.vn/gioi-thieu/loi-chao-mung,hus.vnu.edu.vn,vi,3467,d9ed2e9446bc3dd01c11795d6a86f86a350f9ef9289a9f4092162e6fba9a404b,True,Nguồn public truy cập không cần đăng nhập; chỉ dùng cho học tập/nghiên cứu.,2026-05-18T09:51:56.570302+00:00,ok,[],0,2576
doc_0cccbf22002b6c67,Đào tạo liên kết,doc_79c87893ab97ac2229d2.txt,txt,.txt,dao_tao,content,True,False,False,False,True,text/parsed_public_pages/doc_79c87893ab97ac2229d2.txt,D:\DM\lumi\data\raw\text\parsed_public_pages\doc_79c87893ab97ac2229d2.txt,https://hus.vnu.edu.vn/hop-tac-va-phat-trien/chuong-trinh-hop-tac/dao-tao-lien-ket,hus.vnu.edu.vn,vi,2836,75cac7e61fe9dfe605f21a2196582135a0279fcd40239be376c327503548bff4,True,Nguồn public truy cập không cần đăng nhập; chỉ dùng cho học tập/nghiên cứu.,2026-05-18T09:51:56.570302+00:00,ok,[],0,2169
doc_31b45309da2de4df,Thong bao xet tuyen CTDB,doc_7b8c8076410322e8cc36.txt,txt,.txt,tuyen_sinh,content,True,False,False,False,True,text/parsed_public_pages/doc_7b8c8076410322e8cc36.txt,D:\DM\lumi\data\raw\text\parsed_public_pages\doc_7b8c8076410322e8cc36.txt,https://tuyensinh.hus.vnu.edu.vn/DATA/TUYENSINH/IMAGES/2025/08/1.tb_xt-vao-ctdt-dac-biet_2025_len-website.pdf,tuyensinh.hus.vnu.edu.vn,vi,15585,9a07f50be72ab3483db80293a43c566476a2f65b88308eafbf7d43813f610d6a,True,Nguồn public truy cập không cần đăng nhập; chỉ dùng cho học tập/nghiên cứu.,2026-05-18T09:51:56.571302+00:00,ok,[],0,11889
doc_fcef3b976ac9275b,céng hoµ,doc_8db3084419cc9f68a731.txt,txt,.txt,sinh_vien,content,True,False,False,False,True,text/parsed_public_pages/doc_8db3084419cc9f68a731.txt,D:\DM\lumi\data\raw\text\parsed_public_pages\doc_8db3084419cc9f68a731.txt,https://hus.vnu.edu.vn/DATA/IMAGES/2025/08/03.mau-ly-lich-2025_k70.pdf,hus.vnu.edu.vn,vi,11104,d848379715e8ac3cba8e710d377ff1075a8923f1185eb2b40129704088f45f45,True,Nguồn public truy cập không cần đăng nhập; chỉ dùng cho học tập/nghiên cứu.,2026-05-18T09:51:56.571302+00:00,ok,[],0,10494
doc_28a2409bf34c8a1c,Trường Đại học Khoa học Tự nhiên | ĐHQGHN,doc_91eb43497dc0f5e9741f.txt,txt,.txt,tuyen_sinh,content,True,False,False,False,True,text/parsed_public_pages/doc_91eb43497dc0f5e9741f.txt,D:\DM\lumi\data\raw\text\parsed_public_pages\doc_91eb43497dc0f5e9741f.txt,http://tuyensinh.hus.vnu.edu.vn/,tuyensinh.hus.vnu.edu.vn,vi,26002,3e8cf11d514f636fc16a39459a7e7d9150301d7f8ddf0022caa7c64230986160,True,Nguồn public truy cập không cần đăng nhập; chỉ dùng cho học tập/nghiên cứu.,2026-05-18T09:51:56.571302+00:00,ok,[],0,19881
doc_42340ca8ce62bbc1,Khoa học - Công nghệ,doc_978c9a3b9a26bc0ff5b0.txt,txt,.txt,nghien_cuu,content,True,False,False,False,True,text/parsed_public_pages/doc_978c9a3b9a26bc0ff5b0.txt,D:\DM\lumi\data\raw\text\parsed_public_pages\doc_978c9a3b9a26bc0ff5b0.txt,https://hus.vnu.edu.vn/khoa-hoc-cong-nghe/gioi-thieu-chung,hus.vnu.edu.vn,vi,1741,f1f620f7527acfd8e91e2902709b9fcc8ed65ebeb9f19d483fd6ce7e2794036b,True,Nguồn public truy cập không cần đăng nhập; chỉ dùng cho học tập/nghiên cứu.,2026-05-18T09:51:56.571302+00:00,ok,[],0,1304
doc_28782f4af7ce3f3e,Học sinh - Sinh viên,doc_bb228fb7488deb48d6d2.txt,txt,.txt,sinh_vien,content,True,False,False,False,True,text/parsed_public_pages/doc_bb228fb7488deb48d6d2.txt,D:\DM\lumi\data\raw\text\parsed_public_pages\doc_bb228fb7488deb48d6d2.txt,https://hus.vnu.edu.vn/hoc-sinh-sinh-vien/gioi-thieu-chung,hus.vnu.edu.vn,vi,5564,f7e252f352ec80205dae0568fe1ef86dd814f8b032737007df6b18730a2450da,True,Nguồn public truy cập không cần đăng nhập; chỉ dùng cho học tập/nghiên cứu.,2026-05-18T09:51:56.571302+00:00,ok,[],0,4215
doc_2c78b6b84272cafb,Học sinh - Sinh viên,doc_c678b3b190fc655993fc.txt,txt,.txt,sinh_vien,content,True,False,False,False,True,text/parsed_public_pages/doc_c678b3b190fc655993fc.txt,D:\DM\lumi\data\raw\text\parsed_public_pages\doc_c678b3b190fc655993fc.txt,https://hus.vnu.edu.vn/hoc-sinh-sinh-vien,hus.vnu.edu.vn,vi,5573,f72dd1e37a382b319641000b9e5b1bbebecfc832e488151ba4894af70071cbfd,True,Nguồn public truy cập không cần đăng nhập; chỉ dùng cho học tập/nghiên cứu.,2026-05-18T09:51:56.572302+00:00,ok,[],0,4224
doc_c6c4e344e77b8122,02.hd-nop-hoc-phi-qua-ma-dinh-danh.pdf,doc_cd7bb8dd3f3fef3653ce.txt,txt,.txt,sinh_vien,content,True,False,False,False,True,text/parsed_public_pages/doc_cd7bb8dd3f3fef3653ce.txt,D:\DM\lumi\data\raw\text\parsed_public_pages\doc_cd7bb8dd3f3fef3653ce.txt,https://hus.vnu.edu.vn/DATA/IMAGES/2025/08/02.hd-nop-hoc-phi-qua-ma-dinh-danh.pdf,hus.vnu.edu.vn,vi,1700,0ad794ae725e558029aa707511201507bf2ce7ac2640eaedbb73bf8a2cca01bc,True,Nguồn public truy cập không cần đăng nhập; chỉ dùng cho học tập/nghiên cứu.,2026-05-18T09:51:56.572302+00:00,warning,['possible_mojibake'],0,1342
doc_615c1c95a9e01aa0,huong-dan-thi-sinh-dang-ky-xet-tuyen-2025-14.06.2025-final.pdf,doc_cecb3ddc9396f577feaa.txt,txt,.txt,tuyen_sinh,content,True,False,False,False,True,text/parsed_public_pages/doc_cecb3ddc9396f577feaa.txt,D:\DM\lumi\data\raw\text\parsed_public_pages\doc_cecb3ddc9396f577feaa.txt,https://tuyensinh.hus.vnu.edu.vn/DATA/TUYENSINH/IMAGES/2025/06/huong-dan-thi-sinh-dang-ky-xet-tuyen-2025-14.06.2025-final.pdf,tuyensinh.hus.vnu.edu.vn,vi,5177,30e796eec4eb54a1db4dc911ed28912efaf7264c3fc32b1959691c5f5c1f2992,True,Nguồn public truy cập không cần đăng nhập; chỉ dùng cho học tập/nghiên cứu.,2026-05-18T09:51:56.572302+00:00,ok,[],0,3994
doc_5e70008fb952dbd4,Hội đồng Khoa học Đào tạo,doc_e7c5d0c77cb56de6c755.txt,txt,.txt,nghien_cuu,content,True,False,False,False,True,text/parsed_public_pages/doc_e7c5d0c77cb56de6c755.txt,D:\DM\lumi\data\raw\text\parsed_public_pages\doc_e7c5d0c77cb56de6c755.txt,https://hus.vnu.edu.vn/gioi-thieu/can-bo/hoi-dong-khoa-hoc-dao-tao,hus.vnu.edu.vn,vi,1279,ea5baa27d92e24c0a5cd5a7ef999758c1f1520bd11a993d27a1abb69e40de895,True,Nguồn public truy cập không cần đăng nhập; chỉ dùng cho học tập/nghiên cứu.,2026-05-18T09:51:56.572302+00:00,ok,[],0,983
