document_id,title,source_url,source_domain,file_type,local_path,raw_path,processed_path,language,category,collected_at,file_size_bytes,text_length_chars,estimated_tokens,page_count,needs_ocr,checksum_sha256,license_or_access_note,is_public,notes,text_export_path
doc_bb228fb7488deb48d6d2,Học sinh - Sinh viên,https://hus.vnu.edu.vn/hoc-sinh-sinh-vien/gioi-thieu-chung,hus.vnu.edu.vn,html,data\raw\web\2026-05-17\hus.vnu.edu.vn\hoc-sinh-sinh-vien__gioi-thieu-chung\index.html,data\raw\web\2026-05-17\hus.vnu.edu.vn\hoc-sinh-sinh-vien__gioi-thieu-chung\index.html,data/processed/documents/2026-05-17/processed_documents.jsonl,vi,lecturer_profile,2026-05-17T16:29:46.433294+00:00,68548,4215,1054,,False,f07aaa288253060b1e21abb01129bdfd9af033816e0e8991b9ff45977e33d9f0,Public web/PDF access without login from HUS/VNU-HUS domain; keep source citation.,True,processed,data\raw\text\curated\doc_bb228fb7488deb48d6d2.txt
doc_3661b5a22a8294fec8bf,"Quy chế, quy định",https://hus.vnu.edu.vn/hoc-sinh-sinh-vien/quy-che-quy-dinh,hus.vnu.edu.vn,html,data\raw\web\2026-05-17\hus.vnu.edu.vn\hoc-sinh-sinh-vien__quy-che-quy-dinh\index.html,data\raw\web\2026-05-17\hus.vnu.edu.vn\hoc-sinh-sinh-vien__quy-che-quy-dinh\index.html,data/processed/documents/2026-05-17/processed_documents.jsonl,vi,program,2026-05-17T16:29:46.555876+00:00,61653,1710,428,,False,2801172404d059730747d2bd9b59f001080eaf528f0932607820154761cc5dc4,Public web/PDF access without login from HUS/VNU-HUS domain; keep source citation.,True,processed,data\raw\text\curated\doc_3661b5a22a8294fec8bf.txt
doc_27e30d3d9376b10d2e06,Giới thiệu chung,https://hus.vnu.edu.vn/dao-tao/gioi-thieu-chung,hus.vnu.edu.vn,html,data\raw\web\2026-05-17\hus.vnu.edu.vn\dao-tao__gioi-thieu-chung\index.html,data\raw\web\2026-05-17\hus.vnu.edu.vn\dao-tao__gioi-thieu-chung\index.html,data/processed/documents/2026-05-17/processed_documents.jsonl,vi,lecturer_profile,2026-05-17T16:29:37.092249+00:00,69105,3371,843,,False,38b9ee6a8f3ffe929401ff338fefef3a38133fb98a1960c64319ee0ee3b5f3e1,Public web/PDF access without login from HUS/VNU-HUS domain; keep source citation.,True,processed,data\raw\text\curated\doc_27e30d3d9376b10d2e06.txt
doc_e7c5d0c77cb56de6c755,Hội đồng Khoa học Đào tạo,https://hus.vnu.edu.vn/gioi-thieu/can-bo/hoi-dong-khoa-hoc-dao-tao,hus.vnu.edu.vn,html,data\raw\web\2026-05-17\hus.vnu.edu.vn\gioi-thieu__can-bo__hoi-dong-khoa-hoc-dao-tao\index.html,data\raw\web\2026-05-17\hus.vnu.edu.vn\gioi-thieu__can-bo__hoi-dong-khoa-hoc-dao-tao\index.html,data/processed/documents/2026-05-17/processed_documents.jsonl,vi,lecturer_profile,2026-05-17T16:29:35.628239+00:00,75411,983,246,,False,53d011f060b928192b10e155ece6a4de62b4b094e1f5d53ac9edb793ef6062e8,Public web/PDF access without login from HUS/VNU-HUS domain; keep source citation.,True,processed,data\raw\text\curated\doc_e7c5d0c77cb56de6c755.txt
doc_9ea935dffbbd8ee2c2d6,Ban Giám Hiệu Trường,https://hus.vnu.edu.vn/gioi-thieu/co-cau-to-chuc/ban-giam-hieu,hus.vnu.edu.vn,html,data\raw\web\2026-05-17\hus.vnu.edu.vn\gioi-thieu__co-cau-to-chuc__ban-giam-hieu\index.html,data\raw\web\2026-05-17\hus.vnu.edu.vn\gioi-thieu__co-cau-to-chuc__ban-giam-hieu\index.html,data/processed/documents/2026-05-17/processed_documents.jsonl,vi,leadership,2026-05-17T16:29:34.731339+00:00,89879,501,125,,False,becf1e1d677c954f389f06821ce8a74748687c57ef0577dfac522eeb078190c6,Public web/PDF access without login from HUS/VNU-HUS domain; keep source citation.,True,processed,data\raw\text\curated\doc_9ea935dffbbd8ee2c2d6.txt
doc_c678b3b190fc655993fc,Học sinh - Sinh viên,https://hus.vnu.edu.vn/hoc-sinh-sinh-vien,hus.vnu.edu.vn,html,data\raw\web\2026-05-17\hus.vnu.edu.vn\hoc-sinh-sinh-vien\index.html,data\raw\web\2026-05-17\hus.vnu.edu.vn\hoc-sinh-sinh-vien\index.html,data/processed/documents/2026-05-17/processed_documents.jsonl,vi,lecturer_profile,2026-05-17T16:29:46.289732+00:00,70579,4224,1056,,False,579db73f2f71d4769ea2f5500e6c1a240430bf967c75ca7c7a949be77d48344b,Public web/PDF access without login from HUS/VNU-HUS domain; keep source citation.,True,processed,data\raw\text\curated\doc_c678b3b190fc655993fc.txt
doc_978c9a3b9a26bc0ff5b0,Khoa học - Công nghệ,https://hus.vnu.edu.vn/khoa-hoc-cong-nghe/gioi-thieu-chung,hus.vnu.edu.vn,html,data\raw\web\2026-05-17\hus.vnu.edu.vn\khoa-hoc-cong-nghe__gioi-thieu-chung\index.html,data\raw\web\2026-05-17\hus.vnu.edu.vn\khoa-hoc-cong-nghe__gioi-thieu-chung\index.html,data/processed/documents/2026-05-17/processed_documents.jsonl,vi,general_info,2026-05-17T16:29:41.127548+00:00,56864,1304,326,,False,ffd6d172ed1ffcf0d008bcd8de749a0d4d88d7487d35f3aa9682d3cfe180d488,Public web/PDF access without login from HUS/VNU-HUS domain; keep source citation.,True,processed,data\raw\text\curated\doc_978c9a3b9a26bc0ff5b0.txt
doc_91eb43497dc0f5e9741f,Trường Đại học Khoa học Tự nhiên | ĐHQGHN,http://tuyensinh.hus.vnu.edu.vn/,tuyensinh.hus.vnu.edu.vn,html,data\raw\web\2026-05-17\tuyensinh.hus.vnu.edu.vn\root\index.html,data\raw\web\2026-05-17\tuyensinh.hus.vnu.edu.vn\root\index.html,data/processed/documents/2026-05-17/processed_documents.jsonl,vi,quality_assurance,2026-05-17T16:29:40.922587+00:00,162634,19881,4970,,False,6169e05ed5d559a94b5e97931def69ea03317c3ac382acdd84a003fb0b28ebad,Public web/PDF access without login from HUS/VNU-HUS domain; keep source citation.,True,processed,data\raw\text\curated\doc_91eb43497dc0f5e9741f.txt
doc_b739dcd79e8232997255,"Quản lý, Công nghệ Tài nguyên môi trường và Địa chất",https://hus.vnu.edu.vn/dao-tao/bac-dai-hoc/dia-chat,hus.vnu.edu.vn,html,data\raw\web\2026-05-17\hus.vnu.edu.vn\dao-tao__bac-dai-hoc__dia-chat\index.html,data\raw\web\2026-05-17\hus.vnu.edu.vn\dao-tao__bac-dai-hoc__dia-chat\index.html,data/processed/documents/2026-05-17/processed_documents.jsonl,vi,program,2026-05-17T16:29:38.567658+00:00,49308,233,58,,False,eb68c4e1427862f27aae1b3e8ce251fc016b6a8cf4efaf93890e8e73741e9b36,Public web/PDF access without login from HUS/VNU-HUS domain; keep source citation.,True,processed,data\raw\text\curated\doc_b739dcd79e8232997255.txt
doc_522092b3afcb92960052,"Địa lý, Quản lý đất đai và GISc",https://hus.vnu.edu.vn/dao-tao/bac-dai-hoc/dia-ly,hus.vnu.edu.vn,html,data\raw\web\2026-05-17\hus.vnu.edu.vn\dao-tao__bac-dai-hoc__dia-ly\index.html,data\raw\web\2026-05-17\hus.vnu.edu.vn\dao-tao__bac-dai-hoc__dia-ly\index.html,data/processed/documents/2026-05-17/processed_documents.jsonl,vi,program,2026-05-17T16:29:38.314269+00:00,49609,257,64,,False,6cba89be8bc40a3b41bb4a5e3ff1a426d4402f354f85e2437c3d6b581c91befe,Public web/PDF access without login from HUS/VNU-HUS domain; keep source citation.,True,processed,data\raw\text\curated\doc_522092b3afcb92960052.txt
doc_5797d24512641e429f23,Hóa học và Công nghệ,https://hus.vnu.edu.vn/dao-tao/bac-dai-hoc/hoa-hoc,hus.vnu.edu.vn,html,data\raw\web\2026-05-17\hus.vnu.edu.vn\dao-tao__bac-dai-hoc__hoa-hoc\index.html,data\raw\web\2026-05-17\hus.vnu.edu.vn\dao-tao__bac-dai-hoc__hoa-hoc\index.html,data/processed/documents/2026-05-17/processed_documents.jsonl,vi,program,2026-05-17T16:29:37.802538+00:00,50585,297,74,,False,8e91bcabe362dc8bebd61297e2a90d82ae335ab436d4bda6e6f3799d3a39722e,Public web/PDF access without login from HUS/VNU-HUS domain; keep source citation.,True,processed,data\raw\text\curated\doc_5797d24512641e429f23.txt
doc_0bd88f7c3c4b9aaeee7d,"Khí tượng, Khoa học và Công nghệ biển, Tài nguyên và Môi trường nước",https://hus.vnu.edu.vn/dao-tao/bac-dai-hoc/khi-tuong-thuy-van-hai-duong-hoc,hus.vnu.edu.vn,html,data\raw\web\2026-05-17\hus.vnu.edu.vn\dao-tao__bac-dai-hoc__khi-tuong-thuy-van-hai-duong-hoc\index.html,data\raw\web\2026-05-17\hus.vnu.edu.vn\dao-tao__bac-dai-hoc__khi-tuong-thuy-van-hai-duong-hoc\index.html,data/processed/documents/2026-05-17/processed_documents.jsonl,vi,program,2026-05-17T16:29:39.000333+00:00,49882,271,68,,False,546c6ec7200865d4528a1d6695af4c6a538abd490ebc8707b11275d3dedced92,Public web/PDF access without login from HUS/VNU-HUS domain; keep source citation.,True,processed,data\raw\text\curated\doc_0bd88f7c3c4b9aaeee7d.txt
doc_fd196a6083dfc41eef5d,"Khoa học, Công nghệ Môi trường và Thực phẩm",https://hus.vnu.edu.vn/dao-tao/bac-dai-hoc/moi-truong,hus.vnu.edu.vn,html,data\raw\web\2026-05-17\hus.vnu.edu.vn\dao-tao__bac-dai-hoc__moi-truong\index.html,data\raw\web\2026-05-17\hus.vnu.edu.vn\dao-tao__bac-dai-hoc__moi-truong\index.html,data/processed/documents/2026-05-17/processed_documents.jsonl,vi,program,2026-05-17T16:29:38.760541+00:00,49659,257,64,,False,c0709e205ec57d584f8e43a416a0ba04ec50eea5cd18c98da3152e5ba249b375,Public web/PDF access without login from HUS/VNU-HUS domain; keep source citation.,True,processed,data\raw\text\curated\doc_fd196a6083dfc41eef5d.txt
doc_60db296be33bd69ad8e1,Sinh học và Công nghệ,https://hus.vnu.edu.vn/dao-tao/bac-dai-hoc/sinh-hoc,hus.vnu.edu.vn,html,data\raw\web\2026-05-17\hus.vnu.edu.vn\dao-tao__bac-dai-hoc__sinh-hoc\index.html,data\raw\web\2026-05-17\hus.vnu.edu.vn\dao-tao__bac-dai-hoc__sinh-hoc\index.html,data/processed/documents/2026-05-17/processed_documents.jsonl,vi,program,2026-05-17T16:29:38.037325+00:00,49788,133,33,,False,1706f44a04e1aea324aba15dace411c8225be2722f15f0abb0ddd7d008a2569b,Public web/PDF access without login from HUS/VNU-HUS domain; keep source citation.,True,processed,data\raw\text\curated\doc_60db296be33bd69ad8e1.txt
doc_0bcfbd73d33810463d3a,"Toán, Toán ứng dụng và Tin học",https://hus.vnu.edu.vn/dao-tao/bac-dai-hoc/toan-co-tin-hoc,hus.vnu.edu.vn,html,data\raw\web\2026-05-17\hus.vnu.edu.vn\dao-tao__bac-dai-hoc__toan-co-tin-hoc\index.html,data\raw\web\2026-05-17\hus.vnu.edu.vn\dao-tao__bac-dai-hoc__toan-co-tin-hoc\index.html,data/processed/documents/2026-05-17/processed_documents.jsonl,vi,program,2026-05-17T16:29:37.377593+00:00,51285,629,157,,False,2292b476401c13e076e2498aa68ec9d45ac0457ee12913755e88e377b4331661,Public web/PDF access without login from HUS/VNU-HUS domain; keep source citation.,True,processed,data\raw\text\curated\doc_0bcfbd73d33810463d3a.txt
doc_58dfc017a9ba74e47238,Bậc đại học,https://hus.vnu.edu.vn/dao-tao/bac-dai-hoc/vat-ly,hus.vnu.edu.vn,html,data\raw\web\2026-05-17\hus.vnu.edu.vn\dao-tao__bac-dai-hoc__vat-ly\index.html,data\raw\web\2026-05-17\hus.vnu.edu.vn\dao-tao__bac-dai-hoc__vat-ly\index.html,data/processed/documents/2026-05-17/processed_documents.jsonl,vi,program,2026-05-17T16:29:37.568163+00:00,213003,36228,9057,,False,45962f74b45cb103bfc0eae3eba6a0bebca22ac512dbacbd3152ba222a67120f,Public web/PDF access without login from HUS/VNU-HUS domain; keep source citation.,True,processed,data\raw\text\curated\doc_58dfc017a9ba74e47238.txt
doc_2670690ece95f8ff9085,Đào tạo,https://hus.vnu.edu.vn/dao-tao/dai-hoc,hus.vnu.edu.vn,html,data\raw\web\2026-05-17\hus.vnu.edu.vn\dao-tao__dai-hoc\index.html,data\raw\web\2026-05-17\hus.vnu.edu.vn\dao-tao__dai-hoc\index.html,data/processed/documents/2026-05-17/processed_documents.jsonl,vi,general_info,2026-05-17T16:29:37.195913+00:00,52621,197,49,,False,d4b735f5f739be8b0628152a5cce5f1d1d3d755fbc5e52e67cb8d87817564733,Public web/PDF access without login from HUS/VNU-HUS domain; keep source citation.,True,processed,data\raw\text\curated\doc_2670690ece95f8ff9085.txt
raw_203091e97bf10b08c86a,olympicvnu-2025,https://hus.vnu.edu.vn/dao-tao/olympicvnu-2025,hus.vnu.edu.vn,html,data\raw\web\2026-05-17\hus.vnu.edu.vn\dao-tao__olympicvnu-2025\index.html,data\raw\web\2026-05-17\hus.vnu.edu.vn\dao-tao__olympicvnu-2025\index.html,,unknown,unprocessed_raw,2026-05-17T16:29:41.022137+00:00,34740,0,0,,False,203091e97bf10b08c86a1da9d05d6d95fcc61c83987c01f089e6ed11d37b56c3,Public web/PDF access without login from HUS/VNU-HUS domain; keep source citation.,True,raw_collected_not_in_processed_output,
raw_beca1d95b33133bb6ba0,Sau đại học,https://hus.vnu.edu.vn/dao-tao/sau-dai-hoc,hus.vnu.edu.vn,html,data\raw\web\2026-05-17\hus.vnu.edu.vn\dao-tao__sau-dai-hoc\index.html,data\raw\web\2026-05-17\hus.vnu.edu.vn\dao-tao__sau-dai-hoc\index.html,,unknown,unprocessed_raw,2026-05-17T16:29:39.128586+00:00,43537,0,0,,False,beca1d95b33133bb6ba0d322f93852dc9dba42de47b055f5e01a7b9bb4316ff6,Public web/PDF access without login from HUS/VNU-HUS domain; keep source citation.,True,raw_collected_not_in_processed_output,
doc_16ec9e5cae188acd69c0,Hóa học & Công nghệ,https://hus.vnu.edu.vn/dao-tao/sau-dai-hoc/hoa-hoc-va-cong-nghe,hus.vnu.edu.vn,html,data\raw\web\2026-05-17\hus.vnu.edu.vn\dao-tao__sau-dai-hoc__hoa-hoc-va-cong-nghe\index.html,data\raw\web\2026-05-17\hus.vnu.edu.vn\dao-tao__sau-dai-hoc__hoa-hoc-va-cong-nghe\index.html,data/processed/documents/2026-05-17/processed_documents.jsonl,vi,program,2026-05-17T16:29:39.630622+00:00,39718,414,104,,False,7c4fbe706696ea1e2de55c5e0436c8607aaa777e73c63f21ceadc1298f97cb55,Public web/PDF access without login from HUS/VNU-HUS domain; keep source citation.,True,processed,data\raw\text\curated\doc_16ec9e5cae188acd69c0.txt
doc_475f3c55a3d67b8ffe9e,Khoa học Trái đất - Tài nguyên & Môi trường,https://hus.vnu.edu.vn/dao-tao/sau-dai-hoc/khoa-hoc-trai-dat-va-tai-nguyen-moi-truong,hus.vnu.edu.vn,html,data\raw\web\2026-05-17\hus.vnu.edu.vn\dao-tao__sau-dai-hoc__khoa-hoc-trai-dat-va-tai-nguyen-moi-truong\index.html,data\raw\web\2026-05-17\hus.vnu.edu.vn\dao-tao__sau-dai-hoc__khoa-hoc-trai-dat-va-tai-nguyen-moi-truong\index.html,data/processed/documents/2026-05-17/processed_documents.jsonl,vi,program,2026-05-17T16:29:40.045450+00:00,41521,914,228,,False,18a46e752ddcd87955e12f21cdec0a83d662c6ae1bbd6d911182ca800487524c,Public web/PDF access without login from HUS/VNU-HUS domain; keep source citation.,True,processed,data\raw\text\curated\doc_475f3c55a3d67b8ffe9e.txt
doc_2358cb3f47b14d697cb4,Sinh học & Công nghệ,https://hus.vnu.edu.vn/dao-tao/sau-dai-hoc/sinh-hoc-va-cong-nghe,hus.vnu.edu.vn,html,data\raw\web\2026-05-17\hus.vnu.edu.vn\dao-tao__sau-dai-hoc__sinh-hoc-va-cong-nghe\index.html,data\raw\web\2026-05-17\hus.vnu.edu.vn\dao-tao__sau-dai-hoc__sinh-hoc-va-cong-nghe\index.html,data/processed/documents/2026-05-17/processed_documents.jsonl,vi,program,2026-05-17T16:29:39.833804+00:00,40858,573,143,,False,792bf04d0bde5e59d42ca8df3417dbdcc288397255bfee18a0e13c2d5e780771,Public web/PDF access without login from HUS/VNU-HUS domain; keep source citation.,True,processed,data\raw\text\curated\doc_2358cb3f47b14d697cb4.txt
doc_b4cf3f6b837e583fcdd7,Vật lý & Công nghệ,https://hus.vnu.edu.vn/dao-tao/sau-dai-hoc/vat-ly-va-cong-nghe,hus.vnu.edu.vn,html,data\raw\web\2026-05-17\hus.vnu.edu.vn\dao-tao__sau-dai-hoc__vat-ly-va-cong-nghe\index.html,data\raw\web\2026-05-17\hus.vnu.edu.vn\dao-tao__sau-dai-hoc__vat-ly-va-cong-nghe\index.html,data/processed/documents/2026-05-17/processed_documents.jsonl,vi,program,2026-05-17T16:29:39.387404+00:00,39429,379,95,,False,44ff5991351285a05e36e84b4d0ae789a7f37462c643f37c9ed0009898bae133,Public web/PDF access without login from HUS/VNU-HUS domain; keep source citation.,True,processed,data\raw\text\curated\doc_b4cf3f6b837e583fcdd7.txt
doc_11a00ffd4a9a044e913e,Giới thiệu,https://hus.vnu.edu.vn/gioi-thieu/cac-khuon-vien,hus.vnu.edu.vn,html,data\raw\web\2026-05-17\hus.vnu.edu.vn\gioi-thieu__cac-khuon-vien\index.html,data\raw\web\2026-05-17\hus.vnu.edu.vn\gioi-thieu__cac-khuon-vien\index.html,data/processed/documents/2026-05-17/processed_documents.jsonl,vi,general_info,2026-05-17T16:29:35.781843+00:00,92186,373,93,,False,c294b00de7ad0388e6e235aae2d3d8371e4a4e0afa1d140a5c19f36116aba982,Public web/PDF access without login from HUS/VNU-HUS domain; keep source citation.,True,processed,data\raw\text\curated\doc_11a00ffd4a9a044e913e.txt
doc_55c22d2ace9a76d05488,Chiến lược phát triển,https://hus.vnu.edu.vn/gioi-thieu/chien-luoc-phat-trien,hus.vnu.edu.vn,html,data\raw\web\2026-05-17\hus.vnu.edu.vn\gioi-thieu__chien-luoc-phat-trien\index.html,data\raw\web\2026-05-17\hus.vnu.edu.vn\gioi-thieu__chien-luoc-phat-trien\index.html,data/processed/documents/2026-05-17/processed_documents.jsonl,vi,lecturer_profile,2026-05-17T16:29:33.858120+00:00,225460,32407,8102,,False,09d11cb683b86439d74ba680b5d11bb5b9cb51e9adae3cff789bd4e0d0113db2,Public web/PDF access without login from HUS/VNU-HUS domain; keep source citation.,True,processed,data\raw\text\curated\doc_55c22d2ace9a76d05488.txt
doc_d384c64cb108ac6d7476,Đảng - Đoàn thể,https://hus.vnu.edu.vn/gioi-thieu/co-cau-to-chuc/dang-doan-the,hus.vnu.edu.vn,html,data\raw\web\2026-05-17\hus.vnu.edu.vn\gioi-thieu__co-cau-to-chuc__dang-doan-the\index.html,data\raw\web\2026-05-17\hus.vnu.edu.vn\gioi-thieu__co-cau-to-chuc__dang-doan-the\index.html,data/processed/documents/2026-05-17/processed_documents.jsonl,vi,organization,2026-05-17T16:29:34.886360+00:00,91247,238,60,,False,f61f7a8500246379240d237aa5f0def2e83cb6d615d840d9211cce19915488a2,Public web/PDF access without login from HUS/VNU-HUS domain; keep source citation.,True,processed,data\raw\text\curated\doc_d384c64cb108ac6d7476.txt
raw_8190f68cb2cb2dc3d5cb,Sơ đồ tổ chức,https://hus.vnu.edu.vn/gioi-thieu/co-cau-to-chuc/du-an-va-cong-ty,hus.vnu.edu.vn,html,data\raw\web\2026-05-17\hus.vnu.edu.vn\gioi-thieu__co-cau-to-chuc__du-an-va-cong-ty\index.html,data\raw\web\2026-05-17\hus.vnu.edu.vn\gioi-thieu__co-cau-to-chuc__du-an-va-cong-ty\index.html,,vi,unprocessed_raw,2026-05-17T16:29:35.498901+00:00,101328,197,49,,False,8190f68cb2cb2dc3d5cbe4e1b1f8e9a2bb2a5a131f1932127a528d2839d33f2c,Public web/PDF access without login from HUS/VNU-HUS domain; keep source citation.,True,raw_collected_not_in_processed_output,data\raw\text\curated\raw_8190f68cb2cb2dc3d5cb.txt
doc_229d5cfc487897d2b8a4,Khoa Trực thuộc,https://hus.vnu.edu.vn/gioi-thieu/co-cau-to-chuc/khoa-truc-thuoc,hus.vnu.edu.vn,html,data\raw\web\2026-05-17\hus.vnu.edu.vn\gioi-thieu__co-cau-to-chuc__khoa-truc-thuoc\index.html,data\raw\web\2026-05-17\hus.vnu.edu.vn\gioi-thieu__co-cau-to-chuc__khoa-truc-thuoc\index.html,data/processed/documents/2026-05-17/processed_documents.jsonl,vi,department,2026-05-17T16:29:35.204441+00:00,142436,304,76,,False,bb78494b09de9249668f32772ab2f2974d85e1d82daf13638f5ef06d622b8ec6,Public web/PDF access without login from HUS/VNU-HUS domain; keep source citation.,True,processed,data\raw\text\curated\doc_229d5cfc487897d2b8a4.txt
doc_33d2b0d1d8141bd592bf,Phòng ban chức năng,https://hus.vnu.edu.vn/gioi-thieu/co-cau-to-chuc/phong-ban-chuc-nang,hus.vnu.edu.vn,html,data\raw\web\2026-05-17\hus.vnu.edu.vn\gioi-thieu__co-cau-to-chuc__phong-ban-chuc-nang\index.html,data\raw\web\2026-05-17\hus.vnu.edu.vn\gioi-thieu__co-cau-to-chuc__phong-ban-chuc-nang\index.html,data/processed/documents/2026-05-17/processed_documents.jsonl,vi,quality_assurance,2026-05-17T16:29:35.024191+00:00,93423,482,120,,False,08cf14bfc6db658aace7c14aa0460e2c5c5b65633c1d5cc06398613ef3038021,Public web/PDF access without login from HUS/VNU-HUS domain; keep source citation.,True,processed,data\raw\text\curated\doc_33d2b0d1d8141bd592bf.txt
doc_0b509214e7de656c05fe,Phòng thí nghiệm Trọng điểm,https://hus.vnu.edu.vn/gioi-thieu/co-cau-to-chuc/phong-thi-nghiem-trong-diem,hus.vnu.edu.vn,html,data\raw\web\2026-05-17\hus.vnu.edu.vn\gioi-thieu__co-cau-to-chuc__phong-thi-nghiem-trong-diem\index.html,data\raw\web\2026-05-17\hus.vnu.edu.vn\gioi-thieu__co-cau-to-chuc__phong-thi-nghiem-trong-diem\index.html,data/processed/documents/2026-05-17/processed_documents.jsonl,vi,general_info,2026-05-17T16:29:35.355565+00:00,67305,1122,280,,False,af335e1fe63ad364b2f60ae12113de0635fa3cb6f033116a52633bf2d1c6205a,Public web/PDF access without login from HUS/VNU-HUS domain; keep source citation.,True,processed,data\raw\text\curated\doc_0b509214e7de656c05fe.txt
raw_06ee48351fff931361f0,Sơ đồ tổ chức,https://hus.vnu.edu.vn/gioi-thieu/co-cau-to-chuc/so-do-to-chuc,hus.vnu.edu.vn,html,data\raw\web\2026-05-17\hus.vnu.edu.vn\gioi-thieu__co-cau-to-chuc__so-do-to-chuc\index.html,data\raw\web\2026-05-17\hus.vnu.edu.vn\gioi-thieu__co-cau-to-chuc__so-do-to-chuc\index.html,,vi,unprocessed_raw,2026-05-17T16:29:34.575196+00:00,101514,197,49,,False,06ee48351fff931361f063d039b1f65411d09927843394c47ce728f2a6cc7cd7,Public web/PDF access without login from HUS/VNU-HUS domain; keep source citation.,True,raw_collected_not_in_processed_output,data\raw\text\curated\raw_06ee48351fff931361f0.txt
doc_1c656e876adff872c6d1,Lịch sử phát triển,https://hus.vnu.edu.vn/gioi-thieu/lich-su-phat-trien,hus.vnu.edu.vn,html,data\raw\web\2026-05-17\hus.vnu.edu.vn\gioi-thieu__lich-su-phat-trien\index.html,data\raw\web\2026-05-17\hus.vnu.edu.vn\gioi-thieu__lich-su-phat-trien\index.html,data/processed/documents/2026-05-17/processed_documents.jsonl,vi,lecturer_profile,2026-05-17T16:29:34.216832+00:00,221186,39350,9838,,False,3ae603d0deecd48dbeb08a0e325763e9e3be1d7a42a22546cab1f70725cbe313,Public web/PDF access without login from HUS/VNU-HUS domain; keep source citation.,True,processed,data\raw\text\curated\doc_1c656e876adff872c6d1.txt
doc_7653afc915a108d40634,Lời chào mừng,https://hus.vnu.edu.vn/gioi-thieu/loi-chao-mung,hus.vnu.edu.vn,html,data\raw\web\2026-05-17\hus.vnu.edu.vn\gioi-thieu__loi-chao-mung\index.html,data\raw\web\2026-05-17\hus.vnu.edu.vn\gioi-thieu__loi-chao-mung\index.html,data/processed/documents/2026-05-17/processed_documents.jsonl,vi,lecturer_profile,2026-05-17T16:29:34.019513+00:00,104108,2576,644,,False,a388a278b848fb541c909cfd74142ba073549ac6fad8774494cc38802488e34b,Public web/PDF access without login from HUS/VNU-HUS domain; keep source citation.,True,processed,data\raw\text\curated\doc_7653afc915a108d40634.txt
doc_0694e882d8c90da1f786,Sứ mạng - Tầm nhìn,https://hus.vnu.edu.vn/gioi-thieu/su-menh-tam-nhin,hus.vnu.edu.vn,html,data\raw\web\2026-05-17\hus.vnu.edu.vn\gioi-thieu__su-menh-tam-nhin\index.html,data\raw\web\2026-05-17\hus.vnu.edu.vn\gioi-thieu__su-menh-tam-nhin\index.html,data/processed/documents/2026-05-17/processed_documents.jsonl,vi,general_info,2026-05-17T16:29:34.387465+00:00,97272,1146,286,,False,571af9ae560468103eae87b0e4d5e1f45444115dba0dda486d5240bb3e678bf2,Public web/PDF access without login from HUS/VNU-HUS domain; keep source citation.,True,processed,data\raw\text\curated\doc_0694e882d8c90da1f786.txt
doc_79c87893ab97ac2229d2,Đào tạo liên kết,https://hus.vnu.edu.vn/hop-tac-va-phat-trien/chuong-trinh-hop-tac/dao-tao-lien-ket,hus.vnu.edu.vn,html,data\raw\web\2026-05-17\hus.vnu.edu.vn\hop-tac-va-phat-trien__chuong-trinh-hop-tac__dao-tao-lien-ket\index.html,data\raw\web\2026-05-17\hus.vnu.edu.vn\hop-tac-va-phat-trien__chuong-trinh-hop-tac__dao-tao-lien-ket\index.html,data/processed/documents/2026-05-17/processed_documents.jsonl,vi,lecturer_profile,2026-05-17T16:29:45.283092+00:00,65420,2169,542,,False,13255333996017d4ebc867d29fae1abe9d6e77c12ebf1b3d352bd6ff77fdf53c,Public web/PDF access without login from HUS/VNU-HUS domain; keep source citation.,True,processed,data\raw\text\curated\doc_79c87893ab97ac2229d2.txt
doc_cecb3ddc9396f577feaa,huong-dan-thi-sinh-dang-ky-xet-tuyen-2025-14.06.2025-final.pdf,https://tuyensinh.hus.vnu.edu.vn/DATA/TUYENSINH/IMAGES/2025/06/huong-dan-thi-sinh-dang-ky-xet-tuyen-2025-14.06.2025-final.pdf,tuyensinh.hus.vnu.edu.vn,pdf,data\raw\pdf\2026-05-17\huong-dan-thi-sinh-dang-ky-xet-tuyen-2025-14.06.2025-final.pdf,data\raw\pdf\2026-05-17\huong-dan-thi-sinh-dang-ky-xet-tuyen-2025-14.06.2025-final.pdf,data/processed/documents/2026-05-17/processed_documents.jsonl,vi,department,2026-05-17T16:30:52.695213+00:00,692452,3994,998,5,False,4eed627590d6fae06fbf3ec76e586154b0ca14ca27aada38460c65ce30ccde35,Public web/PDF access without login from HUS/VNU-HUS domain; keep source citation.,True,processed,data\raw\text\curated\doc_cecb3ddc9396f577feaa.txt
doc_43723f892a1e4bafbf78,thong-bao-gia-han-dang-ky-xet-tuyen-truc-tuyen-vao-dhcq-nam-2025.pdf,https://tuyensinh.hus.vnu.edu.vn/DATA/TUYENSINH/IMAGES/2025/06/thong-bao-gia-han-dang-ky-xet-tuyen-truc-tuyen-vao-dhcq-nam-2025.pdf,tuyensinh.hus.vnu.edu.vn,pdf,data\raw\pdf\2026-05-17\thong-bao-gia-han-dang-ky-xet-tuyen-truc-tuyen-vao-dhcq-nam-2025.pdf,data\raw\pdf\2026-05-17\thong-bao-gia-han-dang-ky-xet-tuyen-truc-tuyen-vao-dhcq-nam-2025.pdf,data/processed/documents/2026-05-17/processed_documents.jsonl,vi,announcement,2026-05-17T16:30:52.767686+00:00,380990,1254,314,1,False,9157d107ca37734ed7dc614b7f8d48ae47163813bedac82d83a5837cb3008ed4,Public web/PDF access without login from HUS/VNU-HUS domain; keep source citation.,True,processed,data\raw\text\curated\doc_43723f892a1e4bafbf78.txt
doc_7c3d2702b97907d93c78,th«ng b¸o cña ban qun lý ký tóc x¸ MÔ tr×,https://hus.vnu.edu.vn/DATA/IMAGES/2025/08/04.-huong-dan-sv-dang-ki-ktx.pdf,hus.vnu.edu.vn,pdf,data\raw\pdf\2026-05-17\04.-huong-dan-sv-dang-ki-ktx.pdf,data\raw\pdf\2026-05-17\04.-huong-dan-sv-dang-ki-ktx.pdf,data/processed/documents/2026-05-17/processed_documents.jsonl,vi,unknown,2026-05-17T16:30:52.951373+00:00,1761990,690,172,9,False,a3a000be48e862d807ba8254fd29273b2e987566b0e7526a6c3e01975ce33b88,Public web/PDF access without login from HUS/VNU-HUS domain; keep source citation.,True,processed,data\raw\text\curated\doc_7c3d2702b97907d93c78.txt
doc_44255159780aab8e1475,9.1.26-chi-tiet-du-thao_dang-cong-tuyen-sinh-1-edit.pdf,https://tuyensinh.hus.vnu.edu.vn/DATA/TUYENSINH/IMAGES/2026/03/9.1.26-chi-tiet-du-thao_dang-cong-tuyen-sinh-1-edit.pdf,tuyensinh.hus.vnu.edu.vn,pdf,data\raw\pdf\2026-05-17\9.1.26-chi-tiet-du-thao_dang-cong-tuyen-sinh-1-edit.pdf,data\raw\pdf\2026-05-17\9.1.26-chi-tiet-du-thao_dang-cong-tuyen-sinh-1-edit.pdf,data/processed/documents/2026-05-17/processed_documents.jsonl,vi,lecturer_profile,2026-05-17T16:30:53.011893+00:00,334200,13888,3472,9,False,3daa8575092b510f722818e3e262c7c6a6d152d3603c07c492bdd7efb204a51a,Public web/PDF access without login from HUS/VNU-HUS domain; keep source citation.,True,processed,data\raw\text\curated\doc_44255159780aab8e1475.txt
doc_cd7bb8dd3f3fef3653ce,02.hd-nop-hoc-phi-qua-ma-dinh-danh.pdf,https://hus.vnu.edu.vn/DATA/IMAGES/2025/08/02.hd-nop-hoc-phi-qua-ma-dinh-danh.pdf,hus.vnu.edu.vn,pdf,data\raw\pdf\2026-05-17\02.hd-nop-hoc-phi-qua-ma-dinh-danh.pdf,data\raw\pdf\2026-05-17\02.hd-nop-hoc-phi-qua-ma-dinh-danh.pdf,data/processed/documents/2026-05-17/processed_documents.jsonl,vi,announcement,2026-05-17T16:30:53.022833+00:00,310166,1342,336,2,False,eeee13f52348a285a0410f84fb989a16f262d3ed89aafa10a10d60b00be6a9ff,Public web/PDF access without login from HUS/VNU-HUS domain; keep source citation.,True,processed,data\raw\text\curated\doc_cd7bb8dd3f3fef3653ce.txt
doc_8db3084419cc9f68a731,céng hoµ,https://hus.vnu.edu.vn/DATA/IMAGES/2025/08/03.mau-ly-lich-2025_k70.pdf,hus.vnu.edu.vn,pdf,data\raw\pdf\2026-05-17\03.mau-ly-lich-2025_k70.pdf,data\raw\pdf\2026-05-17\03.mau-ly-lich-2025_k70.pdf,data/processed/documents/2026-05-17/processed_documents.jsonl,vi,department,2026-05-17T16:30:53.028797+00:00,214338,10494,2624,2,False,dc6099aeed1518a021952c920498917b155d106d9cf9bcd09de2b5050c460b05,Public web/PDF access without login from HUS/VNU-HUS domain; keep source citation.,True,processed,data\raw\text\curated\doc_8db3084419cc9f68a731.txt
doc_1f902284aaa372b66942,danh-sach-trung-tuyen_ctdb_2025-final.pdf,https://hus.vnu.edu.vn/DATA/IMAGES/2025/09/danh-sach-trung-tuyen_ctdb_2025-final.pdf,hus.vnu.edu.vn,pdf,data\raw\pdf\2026-05-17\danh-sach-trung-tuyen_ctdb_2025-final.pdf,data\raw\pdf\2026-05-17\danh-sach-trung-tuyen_ctdb_2025-final.pdf,data/processed/documents/2026-05-17/processed_documents.jsonl,vi,curriculum,2026-05-17T16:30:53.040237+00:00,196225,9399,2350,5,False,8465a25d56edc38becae5fd91c56ba8d7c95fe77a70613c03f9268d8f45246c0,Public web/PDF access without login from HUS/VNU-HUS domain; keep source citation.,True,processed,data\raw\text\curated\doc_1f902284aaa372b66942.txt
doc_7b8c8076410322e8cc36,Thong bao xet tuyen CTDB,https://tuyensinh.hus.vnu.edu.vn/DATA/TUYENSINH/IMAGES/2025/08/1.tb_xt-vao-ctdt-dac-biet_2025_len-website.pdf,tuyensinh.hus.vnu.edu.vn,pdf,data\raw\pdf\2026-05-17\1.tb_xt-vao-ctdt-dac-biet_2025_len-website.pdf,data\raw\pdf\2026-05-17\1.tb_xt-vao-ctdt-dac-biet_2025_len-website.pdf,data/processed/documents/2026-05-17/processed_documents.jsonl,vi,general_info,2026-05-17T16:30:53.110317+00:00,274134,11889,2972,5,False,58771b008af5205dce01f5644ea512ec32e50af9d631c876ca53bed0f4cca1f5,Public web/PDF access without login from HUS/VNU-HUS domain; keep source citation.,True,processed,data\raw\text\curated\doc_7b8c8076410322e8cc36.txt
raw_85f9c38d683d62d39c03,114.-ths-khoa-hoc-du-lieu-qd-4932.pdf,https://hus.vnu.edu.vn/DATA/IMAGES/2024/06/114.-ths-khoa-hoc-du-lieu-qd-4932.pdf,hus.vnu.edu.vn,pdf,data\raw\pdf\2026-05-17\114.-ths-khoa-hoc-du-lieu-qd-4932.pdf,data\raw\pdf\2026-05-17\114.-ths-khoa-hoc-du-lieu-qd-4932.pdf,,unknown,unprocessed_raw,2026-05-17T16:30:53.140179+00:00,1843246,0,0,12,True,85f9c38d683d62d39c03143f7ea57f186345ceab76026d46fb72c5eca8921258,Public web/PDF access without login from HUS/VNU-HUS domain; keep source citation.,True,raw_collected_not_in_processed_output,
raw_6e6cbab5e1adc7db90f3,511.-ths-dia-ly-qd-4920.pdf,https://hus.vnu.edu.vn/DATA/IMAGES/2024/06/511.-ths-dia-ly-qd-4920.pdf,hus.vnu.edu.vn,pdf,data\raw\pdf\2026-05-17\511.-ths-dia-ly-qd-4920.pdf,data\raw\pdf\2026-05-17\511.-ths-dia-ly-qd-4920.pdf,,unknown,unprocessed_raw,2026-05-17T16:30:53.210212+00:00,2367991,0,0,15,True,6e6cbab5e1adc7db90f3be0d52d9a53325514d7168342fe0449041104871703e,Public web/PDF access without login from HUS/VNU-HUS domain; keep source citation.,True,raw_collected_not_in_processed_output,
raw_3251bb700799eda748b6,512.-ths-ban-do-vien-tham-va-he-thong-tin-dia-ly-qd-4921.pdf,https://hus.vnu.edu.vn/DATA/IMAGES/2024/06/512.-ths-ban-do-vien-tham-va-he-thong-tin-dia-ly-qd-4921.pdf,hus.vnu.edu.vn,pdf,data\raw\pdf\2026-05-17\512.-ths-ban-do-vien-tham-va-he-thong-tin-dia-ly-qd-4921.pdf,data\raw\pdf\2026-05-17\512.-ths-ban-do-vien-tham-va-he-thong-tin-dia-ly-qd-4921.pdf,,unknown,unprocessed_raw,2026-05-17T16:30:53.247900+00:00,1720995,0,0,12,True,3251bb700799eda748b6530506bafe0889f970106571d30572809c461de3b244,Public web/PDF access without login from HUS/VNU-HUS domain; keep source citation.,True,raw_collected_not_in_processed_output,
doc_027fa3f614398a4fa239,45.ptn-bm-dia-mao-va-dia-ly---moi-truong-bien.pdf,https://hus.vnu.edu.vn/DATA/IMAGES/2020/06/45.ptn-bm-dia-mao-va-dia-ly---moi-truong-bien.pdf,hus.vnu.edu.vn,pdf,data\raw\pdf\2026-05-17\45.ptn-bm-dia-mao-va-dia-ly---moi-truong-bien.pdf,data\raw\pdf\2026-05-17\45.ptn-bm-dia-mao-va-dia-ly---moi-truong-bien.pdf,data/processed/documents/2026-05-17/processed_documents.jsonl,vi,lecturer_profile,2026-05-17T16:30:53.255409+00:00,129778,1416,354,1,False,84e2c4efdf411f3ed5957199ca37d1d6508588031a25014a2beb2462c9c9a455,Public web/PDF access without login from HUS/VNU-HUS domain; keep source citation.,True,processed,data\raw\text\curated\doc_027fa3f614398a4fa239.txt
doc_30ae6e60094d7daffed1,46.ptn-bm-sinh-thai-canh-quan-va-moi-truong.pdf,https://hus.vnu.edu.vn/DATA/IMAGES/2020/06/46.ptn-bm-sinh-thai-canh-quan-va-moi-truong.pdf,hus.vnu.edu.vn,pdf,data\raw\pdf\2026-05-17\46.ptn-bm-sinh-thai-canh-quan-va-moi-truong.pdf,data\raw\pdf\2026-05-17\46.ptn-bm-sinh-thai-canh-quan-va-moi-truong.pdf,data/processed/documents/2026-05-17/processed_documents.jsonl,vi,lecturer_profile,2026-05-17T16:30:53.263084+00:00,129465,1439,360,1,False,00e4e7b33fd602b12bba3168c3e68362bca9557a2d561f72155b20d6ac7b36b2,Public web/PDF access without login from HUS/VNU-HUS domain; keep source citation.,True,processed,data\raw\text\curated\doc_30ae6e60094d7daffed1.txt
doc_592a1e17021dd580e158,PHIẾU CUNG CẤP THÔNG TIN,https://hus.vnu.edu.vn/DATA/IMAGES/2020/06/58.ptn-bm-sinh-thai-moi-truong.pdf,hus.vnu.edu.vn,pdf,data\raw\pdf\2026-05-17\58.ptn-bm-sinh-thai-moi-truong.pdf,data\raw\pdf\2026-05-17\58.ptn-bm-sinh-thai-moi-truong.pdf,data/processed/documents/2026-05-17/processed_documents.jsonl,vi,lecturer_profile,2026-05-17T16:30:53.271905+00:00,129045,1965,491,1,False,61e0afa00e71938fce7268a598dc4da24de9676ff3099bc317d6d449c085cb6a,Public web/PDF access without login from HUS/VNU-HUS domain; keep source citation.,True,processed,data\raw\text\curated\doc_592a1e17021dd580e158.txt
raw_d57ba74b17fab6e56a99,802.-khoa-hoc-moi-truong-final-qd-3530.pdf,https://hus.vnu.edu.vn/DATA/IMAGES/2024/01/802.-khoa-hoc-moi-truong-final-qd-3530.pdf,hus.vnu.edu.vn,pdf,data\raw\pdf\2026-05-17\802.-khoa-hoc-moi-truong-final-qd-3530.pdf,data\raw\pdf\2026-05-17\802.-khoa-hoc-moi-truong-final-qd-3530.pdf,,unknown,unprocessed_raw,2026-05-17T16:30:53.308643+00:00,2413511,0,0,16,True,d57ba74b17fab6e56a99d0864e50264cc658e49c6dd3aa1b17ce3be9ed1f3f07,Public web/PDF access without login from HUS/VNU-HUS domain; keep source citation.,True,raw_collected_not_in_processed_output,
raw_874eade287393c610ac2,803.-khoa-hoc-moi-truong-chat-luong-cao-final-qd-3531.pdf,https://hus.vnu.edu.vn/DATA/IMAGES/2024/01/803.-khoa-hoc-moi-truong-chat-luong-cao-final-qd-3531.pdf,hus.vnu.edu.vn,pdf,data\raw\pdf\2026-05-17\803.-khoa-hoc-moi-truong-chat-luong-cao-final-qd-3531.pdf,data\raw\pdf\2026-05-17\803.-khoa-hoc-moi-truong-chat-luong-cao-final-qd-3531.pdf,,unknown,unprocessed_raw,2026-05-17T16:30:53.342689+00:00,2514687,0,0,17,True,874eade287393c610ac298a704aa397d79c6ee32d099782562f491dff08c981f,Public web/PDF access without login from HUS/VNU-HUS domain; keep source citation.,True,raw_collected_not_in_processed_output,
raw_0c64ff3b6cc3de5b67a1,804.-khoa-hoc-va-cong-nghe-thuc-pham-final-qd-3532.pdf,https://hus.vnu.edu.vn/DATA/IMAGES/2024/01/804.-khoa-hoc-va-cong-nghe-thuc-pham-final-qd-3532.pdf,hus.vnu.edu.vn,pdf,data\raw\pdf\2026-05-17\804.-khoa-hoc-va-cong-nghe-thuc-pham-final-qd-3532.pdf,data\raw\pdf\2026-05-17\804.-khoa-hoc-va-cong-nghe-thuc-pham-final-qd-3532.pdf,,unknown,unprocessed_raw,2026-05-17T16:30:53.371575+00:00,1997505,0,0,14,True,0c64ff3b6cc3de5b67a17c2504a581edf0733159cefccc3a645407f8bb86a63c,Public web/PDF access without login from HUS/VNU-HUS domain; keep source citation.,True,raw_collected_not_in_processed_output,
raw_707b1993f65b9454f7b7,805.-moi-truong-suc-khoe-va-an-toan-final-qd-3533.pdf,https://hus.vnu.edu.vn/DATA/IMAGES/2024/01/805.-moi-truong-suc-khoe-va-an-toan-final-qd-3533.pdf,hus.vnu.edu.vn,pdf,data\raw\pdf\2026-05-17\805.-moi-truong-suc-khoe-va-an-toan-final-qd-3533.pdf,data\raw\pdf\2026-05-17\805.-moi-truong-suc-khoe-va-an-toan-final-qd-3533.pdf,,unknown,unprocessed_raw,2026-05-17T16:30:53.404427+00:00,2302570,0,0,16,True,707b1993f65b9454f7b7d9e0b6af23497615df4b4874013b9db7a0d0a9b9d168,Public web/PDF access without login from HUS/VNU-HUS domain; keep source citation.,True,raw_collected_not_in_processed_output,
raw_f152735eb816e0096a90,325.-ts-hoa-moi-truong-qd-4918.pdf,https://hus.vnu.edu.vn/DATA/IMAGES/2024/06/325.-ts-hoa-moi-truong-qd-4918.pdf,hus.vnu.edu.vn,pdf,data\raw\pdf\2026-05-17\325.-ts-hoa-moi-truong-qd-4918.pdf,data\raw\pdf\2026-05-17\325.-ts-hoa-moi-truong-qd-4918.pdf,,unknown,unprocessed_raw,2026-05-17T16:30:53.479919+00:00,2510649,0,0,15,True,f152735eb816e0096a909a6d9566f56bdb6fe07e08517be077470fa71fc03a01,Public web/PDF access without login from HUS/VNU-HUS domain; keep source citation.,True,raw_collected_not_in_processed_output,
raw_91d0f1394461efa1c5f2,427.-ts-hoa-sinh-hoc-qd-4906.pdf,https://hus.vnu.edu.vn/DATA/IMAGES/2024/06/427.-ts-hoa-sinh-hoc-qd-4906.pdf,hus.vnu.edu.vn,pdf,data\raw\pdf\2026-05-17\427.-ts-hoa-sinh-hoc-qd-4906.pdf,data\raw\pdf\2026-05-17\427.-ts-hoa-sinh-hoc-qd-4906.pdf,,unknown,unprocessed_raw,2026-05-17T16:30:53.510050+00:00,2143115,0,0,13,True,91d0f1394461efa1c5f2323287d5ee67a378c363a3f03dd04329640972f7ab6e,Public web/PDF access without login from HUS/VNU-HUS domain; keep source citation.,True,raw_collected_not_in_processed_output,
raw_2dabc0fe1776bae3b3d9,513.-ths-quan-ly-tai-nguyen-va-moi-truong-qd-4922.pdf,https://hus.vnu.edu.vn/DATA/IMAGES/2024/06/513.-ths-quan-ly-tai-nguyen-va-moi-truong-qd-4922.pdf,hus.vnu.edu.vn,pdf,data\raw\pdf\2026-05-17\513.-ths-quan-ly-tai-nguyen-va-moi-truong-qd-4922.pdf,data\raw\pdf\2026-05-17\513.-ths-quan-ly-tai-nguyen-va-moi-truong-qd-4922.pdf,,unknown,unprocessed_raw,2026-05-17T16:30:53.540237+00:00,1981846,0,0,13,True,2dabc0fe1776bae3b3d94f22a7d221771a652f5f4ad732f3e443d163142979c8,Public web/PDF access without login from HUS/VNU-HUS domain; keep source citation.,True,raw_collected_not_in_processed_output,
raw_22b60dee34f5bbe31678,514.-ths-quan-ly-dat-dai-dinh-huong-nghien-cuu-qd-4923.pdf,https://hus.vnu.edu.vn/DATA/IMAGES/2024/06/514.-ths-quan-ly-dat-dai-dinh-huong-nghien-cuu-qd-4923.pdf,hus.vnu.edu.vn,pdf,data\raw\pdf\2026-05-17\514.-ths-quan-ly-dat-dai-dinh-huong-nghien-cuu-qd-4923.pdf,data\raw\pdf\2026-05-17\514.-ths-quan-ly-dat-dai-dinh-huong-nghien-cuu-qd-4923.pdf,,unknown,unprocessed_raw,2026-05-17T16:30:53.594900+00:00,1678867,0,0,11,True,22b60dee34f5bbe31678c12d67cfc4d0db954cdd0ea8b539022f797041e26da8,Public web/PDF access without login from HUS/VNU-HUS domain; keep source citation.,True,raw_collected_not_in_processed_output,
raw_72f515ec52f7e97dfcf2,515.-ths-quan-ly-dat-dai-dinh-huong-ung-dung-qd-4924.pdf,https://hus.vnu.edu.vn/DATA/IMAGES/2024/06/515.-ths-quan-ly-dat-dai-dinh-huong-ung-dung-qd-4924.pdf,hus.vnu.edu.vn,pdf,data\raw\pdf\2026-05-17\515.-ths-quan-ly-dat-dai-dinh-huong-ung-dung-qd-4924.pdf,data\raw\pdf\2026-05-17\515.-ths-quan-ly-dat-dai-dinh-huong-ung-dung-qd-4924.pdf,,unknown,unprocessed_raw,2026-05-17T16:30:53.662559+00:00,1694077,0,0,11,True,72f515ec52f7e97dfcf224fe1f3e33862c919c13f70c97731879ffb50a338e21,Public web/PDF access without login from HUS/VNU-HUS domain; keep source citation.,True,raw_collected_not_in_processed_output,
raw_80ec0b7d866104886e61,811.-ths-khoa-hoc-moi-truong-qd-3577.pdf,https://hus.vnu.edu.vn/DATA/IMAGES/2024/06/811.-ths-khoa-hoc-moi-truong-qd-3577.pdf,hus.vnu.edu.vn,pdf,data\raw\pdf\2026-05-17\811.-ths-khoa-hoc-moi-truong-qd-3577.pdf,data\raw\pdf\2026-05-17\811.-ths-khoa-hoc-moi-truong-qd-3577.pdf,,unknown,unprocessed_raw,2026-05-17T16:30:53.694898+00:00,1927382,0,0,13,True,80ec0b7d866104886e61ef1c046ad5e7cfc111bcbebe103c6f236e06ee55f67d,Public web/PDF access without login from HUS/VNU-HUS domain; keep source citation.,True,raw_collected_not_in_processed_output,
raw_11e39efe8f82b8ce26ed,812.-ths-ky-thuat-moi-truong-qd-3578-1.pdf,https://hus.vnu.edu.vn/DATA/IMAGES/2024/06/812.-ths-ky-thuat-moi-truong-qd-3578-1.pdf,hus.vnu.edu.vn,pdf,data\raw\pdf\2026-05-17\812.-ths-ky-thuat-moi-truong-qd-3578-1.pdf,data\raw\pdf\2026-05-17\812.-ths-ky-thuat-moi-truong-qd-3578-1.pdf,,unknown,unprocessed_raw,2026-05-17T16:30:53.722853+00:00,1979342,0,0,13,True,11e39efe8f82b8ce26ed44af1bc140a3eaa04c86951c66cc3ac4e3ee6fe5404c,Public web/PDF access without login from HUS/VNU-HUS domain; keep source citation.,True,raw_collected_not_in_processed_output,
